Date,Close,High,Low,Open,Volume,Label
2018-01-02,189.52447509765625,189.52447509765625,188.30173654863913,188.70931606497817,18055269,0
2018-01-03,193.1926727294922,194.00783168615672,191.9699342944954,192.37751377282765,29308091,0
2018-01-04,195.23062133789062,195.6382009231472,192.7851438263513,195.6382009231472,29096613,0
2018-01-05,195.63819885253906,195.63819885253906,194.0078805287679,195.63819885253906,22438255,1
2018-01-08,197.26849365234375,197.6760731846833,196.0457550553251,197.26849365234375,20233692,1
2018-01-09,197.26849365234375,197.26849365234375,195.23059599064598,197.26849365234375,19043123,0
2018-01-10,192.7850799560547,197.26845390852108,192.37750050583048,196.86087445829685,23631220,1
2018-01-11,191.56236267089844,192.37752166098738,189.52446519567613,191.56236267089844,30446338,1
2018-01-12,193.1926727294922,194.00783168615672,190.33961638116634,191.15477533783087,21513291,0
2018-01-15,195.63819885253906,195.63819885253906,194.0078805287679,195.63819885253906,27476533,0
2018-01-16,196.0457305908203,196.0457305908203,194.00783318343133,195.63815110934252,21691632,1
2018-01-17,197.26849365234375,198.08365271702286,194.82301645830643,196.0457550553251,38046119,1
2018-01-18,202.5670166015625,203.78975513235665,199.7139600297095,199.7139600297095,49896952,0
2018-01-19,208.2731475830078,208.2731475830078,205.01251122163,206.6428294023189,50549292,0
2018-01-22,213.16407775878906,213.5716572573718,209.49586227154413,209.90344177012688,43400509,1
2018-01-23,216.83233642578125,216.83233642578125,213.9792793675473,213.9792793675473,33527444,1
2018-01-24,210.31105041503906,214.38684596571812,209.08831174983536,214.38684596571812,41874813,0
2018-01-25,210.31105041503906,215.20200507585392,209.08831174983536,210.31105041503906,44643756,0
2018-01-26,207.86553955078125,209.90343699735752,206.64280108283546,209.088278018727,39555523,0
2018-01-29,210.71864318847656,213.16412067228865,207.86558612402908,211.1262227691119,30071234,1
2018-01-30,206.2352294921875,209.90344503651494,205.82764998726222,208.68070652173913,36860591,1
2018-01-31,207.86553955078125,209.90343699735752,205.4200626148897,206.2352215935202,44136808,0
2018-02-01,211.53372192382812,212.7564602008445,209.49582479546754,209.90340422113968,30559457,1
2018-02-02,211.53372192382812,211.94130134950024,207.8655070927791,211.126142498156,25707560,1
2018-02-05,206.2352294921875,207.4579680069633,204.19733196756113,204.6049114724864,45594379,0
2018-02-06,194.82301330566406,198.49122903736068,190.7472180482234,197.67606998587254,102409048,0
2018-02-07,195.63819885253906,200.12157424290976,195.23061927159628,199.71399466196698,80063178,0
2018-02-08,194.41543579101562,197.26849250073704,194.00785626105542,195.23059485093603,30989550,1
2018-02-09,189.52447509765625,189.9320546139953,186.2638389669439,187.48657751596102,65735265,1
2018-02-12,192.7850799560547,193.60023885650313,191.56234160538204,191.96992105560625,35635236,0
2018-02-21,197.67608642578125,199.3064046643444,197.26850686614046,199.3064046643444,71504174,0
2018-02-22,195.23062133789062,198.89883760519965,194.82304175263408,198.89883760519965,39239993,0
2018-02-23,199.7139434814453,199.7139434814453,196.45330766950337,196.45330766950337,26985776,1
2018-02-26,200.93667602539062,201.7518349544997,199.713937631727,201.34425548994517,35901810,1
2018-02-27,200.5290985107422,204.1973137274021,200.5290985107422,204.1973137274021,40818119,0
2018-03-01,198.08364868164062,199.71396677778583,197.26848963356804,198.89880772971324,39719984,0
2018-03-02,195.63819885253906,196.45335801442465,194.4154601097107,195.63819885253906,35139170,1
2018-03-05,196.8608856201172,198.0836240401179,196.04572667345005,197.67604456678436,27337846,1
2018-03-06,203.7897491455078,203.7897491455078,200.12153366088867,200.12153366088867,34890780,0
2018-03-07,201.3442840576172,202.56702262476873,200.52912501284953,202.15944310238487,30391219,0
2018-03-08,203.3821563720703,205.0124742588204,202.9745769003828,203.3821563720703,20645694,0
2018-03-09,204.1973419189453,204.60492144373362,202.56702381979207,203.789762394157,19831063,0
2018-03-12,207.05038452148438,207.86554351566343,205.0124870360367,205.42006653312623,24492615,1
2018-03-13,211.126220703125,211.126220703125,207.86558408994935,208.2731636665963,33756883,1
2018-03-14,209.49588012695312,209.90345966027402,208.27314152699034,209.0883005936322,23772838,0
2018-03-15,207.86553955078125,210.3110164866728,207.86553955078125,210.3110164866728,19396493,0
2018-03-16,207.86553955078125,208.68069852941176,203.3821651683134,206.2352215935202,62929326,0
2018-03-19,207.86553955078125,208.2731190400965,204.6049036362592,205.82764210420495,21440766,0
2018-03-20,206.2352294921875,207.05038850203803,205.0124909774117,206.2352294921875,21840151,0
2018-03-21,205.82766723632812,207.8655649317373,204.6049286190826,207.8655649317373,28976737,0
2018-03-22,205.01246643066406,207.45794316741154,203.38214860616574,207.45794316741154,27000668,0
2018-03-23,199.7139434814453,201.3442613874163,198.89878452845983,199.7139434814453,52498390,1
2018-03-26,198.49124145507812,199.30640055756305,196.86092325010827,196.86092325010827,36987945,1
2018-03-27,204.6049041748047,204.6049041748047,201.3442682517002,202.15942723247633,31008260,1
2018-03-28,199.7139434814453,202.1594203404018,198.89878452845983,201.75184086390905,29637411,1
2018-03-29,198.89877319335938,201.34424991294983,197.67603483356413,198.0836142868292,36165345,1
2018-03-30,200.5290985107422,203.38215479036657,200.5290985107422,201.75183691629547,16996346,0
2018-04-02,200.93667602539062,202.97457334816335,199.713937631727,202.5669938836088,17696003,0
2018-04-03,198.89877319335938,199.30635264662445,197.26845538029903,198.0836142868292,35813944,0
2018-04-09,199.7139434814453,202.1594203404018,198.49120505196709,202.1594203404018,34694824,0
2018-04-10,200.12152099609375,202.9745773035737,198.49120310610522,199.30636205109948,25156994,1
2018-04-11,202.15945434570312,202.56703389075494,200.93671571054767,200.93671571054767,21607935,1
2018-04-12,199.7139434814453,202.56699981689454,198.89878452845983,202.56699981689454,20409657,0
2018-04-13,199.30636596679688,200.52910440831099,198.89878648629218,200.52910440831099,19742548,0
2018-04-16,198.49124145507812,198.8988210063206,197.26850280135073,198.08366190383566,18350139,1
2018-04-17,194.00784301757812,198.4912175410936,193.60026351544036,198.08363803895583,42756389,1
2018-04-18,194.00784301757812,196.8608995325425,192.7851045111648,195.23058152399142,42500048,1
2018-04-19,199.30636596679688,199.30636596679688,196.45330960326402,197.2684685642734,31901989,1
2018-04-20,186.67140197753906,188.70929937904057,185.85624301693844,185.85624301693844,128452087,0
2018-04-23,184.63351440429688,185.44867340828935,183.41077589830815,184.63351440429688,71009975,0
2018-04-24,185.04107666015625,185.4486561241654,183.41075880411964,183.41075880411964,40967892,0
2018-04-25,183.41082763671875,184.2259868706597,182.5956684027778,183.81840725368923,46771110,1
2018-04-26,180.9652862548828,183.81834256971206,180.15012730778875,183.41076309616503,48023557,1
2018-04-27,182.1880340576172,183.81835203576142,180.15013658493692,183.41077254122536,34174459,1
2018-04-30,185.04107666015625,185.85623558817457,181.37286148407387,183.00317934011048,28500789,1
2018-05-02,181.78048706054688,185.44870316714983,181.37290749314653,185.0411235997495,38167942,1
2018-05-03,179.74258422851562,181.37290245281056,179.3350046724419,180.15016378458935,31690731,1
2018-05-04,181.78048706054688,182.5956461953475,179.74258922354522,180.15016879094554,27208722,0
2018-05-07,182.1880340576172,183.81835203576142,180.55771607947295,183.41077254122536,23268759,0
2018-05-08,185.85623168945312,186.26381114491247,182.1880165903192,182.5955960457785,40324763,0
2018-05-09,187.07901000976562,189.1169077222903,186.26385092475576,186.26385092475576,33778934,0
2018-05-10,187.07901000976562,188.70932817978536,186.67143046726068,188.30174863728044,27530377,1
2018-05-11,189.9320831298828,190.74724228494668,187.89418524222313,189.11692397481895,30693910,1
2018-05-14,189.9320831298828,191.15482186247863,189.52450355235086,191.15482186247863,19921437,0
2018-05-15,187.89413452148438,190.74719079404485,187.0789755864671,190.33961132653621,23771769,0
2018-05-16,187.89413452148438,187.89413452148438,186.2638166514498,187.0789755864671,14409556,0
2018-05-17,184.63351440429688,188.70930942425926,184.63351440429688,188.30172992226304,26852737,1
2018-05-18,182.1880340576172,185.44867001390563,182.1880340576172,183.81835203576142,27664541,1
2018-05-21,186.67140197753906,187.48656093813966,183.4107661351366,183.4107661351366,16127815,0
2018-05-22,186.67140197753906,190.3396173002418,186.67140197753906,187.48656093813966,22355097,0
2018-05-23,186.2638702392578,188.70934774786951,186.2638702392578,188.70934774786951,23062899,1
2018-05-24,186.67140197753906,187.48656093813966,186.26382249723875,187.07898145783935,12996610,1
2018-05-25,186.2638702392578,187.07902940879504,185.8562906544892,186.2638702392578,15971294,0
2018-05-28,185.04107666015625,187.48655344421118,184.6334971961471,187.07897398020202,16373270,0
2018-05-29,183.41082763671875,184.63356648763022,182.18808878580728,184.63356648763022,23764776,1
2018-05-30,180.1501007080078,182.59557718820702,179.74252129464128,182.59557718820702,49163788,1
2018-05-31,182.5956268310547,182.5956268310547,179.74257016181946,180.5577292101724,96069458,0
2018-06-01,182.5956268310547,184.633524451937,182.5956268310547,183.00320635523116,27617994,0
2018-06-04,186.67140197753906,186.67140197753906,185.04108405633784,185.44866353663815,25959480,0
2018-06-05,186.67140197753906,187.48656093813966,184.63350457603752,187.48656093813966,26534884,0
2018-06-06,187.48658752441406,187.48658752441406,185.04111029583473,186.67142844822095,24767441,0
2018-06-07,187.48658752441406,188.70932613870372,185.85626937202784,188.30174660060715,24958266,0
2018-06-08,185.04107666015625,186.67139451619286,184.22591773213793,186.67139451619286,23548851,0
2018-06-11,184.22596740722656,185.04112655504613,183.41080825940696,184.63354698113636,21696933,0
2018-06-12,186.67140197753906,186.67140197753906,182.595607174536,183.4107661351366,29501260,1
2018-06-13,189.1168975830078,189.1168975830078,185.85626141778354,186.67142045908963,28944970,1
2018-06-14,184.63351440429688,187.48657091827056,184.63351440429688,187.48657091827056,33408041,0
2018-06-15,188.30178833007812,188.30178833007812,182.59567353219697,183.41083278903713,48059679,0
2018-06-19,183.41082763671875,184.2259868706597,182.5956684027778,183.81840725368923,56889624,0
2018-06-20,184.22596740722656,185.44870612895593,182.1880695376776,183.0032286854972,40708701,0
2018-06-21,184.63351440429688,185.85625291028558,184.22593490230062,185.44867340828935,31242557,0
2018-06-22,185.44866943359375,185.44866943359375,182.59561298076923,183.0031924740299,43581409,0
2018-06-25,184.18138122558594,186.29355302863166,184.18138122558594,185.87111866802252,45025211,0
2018-06-26,181.22433471679688,182.49163775677448,179.53459733016007,182.06920341011528,38446346,0
2018-06-27,179.95704650878906,182.49165279764526,179.53461212731304,182.49165279764526,39888414,1
2018-06-28,179.11216735839844,181.22433914328522,177.42242993048902,178.26729864444374,37940780,1
2018-06-29,182.91407775878906,183.33651211850912,179.11216852130846,179.11216852130846,34313680,0
2018-07-02,180.80191040039062,185.02625410133433,180.80191040039062,184.60381973123995,32449442,0
2018-07-03,181.22433471679688,184.18137514341126,180.37946602347847,182.06920341011528,28323220,0
2018-07-04,182.4916229248047,183.7589258617825,182.06918861247874,183.33649154945655,15212295,0
2018-07-05,181.22433471679688,181.64676906345608,179.95703167681927,180.80190037013767,18225416,0
2018-07-06,183.3365020751953,183.7589364117741,181.64676472888016,183.7589364117741,29033762,0
2018-07-09,187.138427734375,188.4057308567297,184.60382148966562,185.4486902379021,38734793,0
2018-07-10,187.5608367919922,189.25057406038852,187.5608367919922,188.40570542619037,20118957,0
2018-07-11,185.87109375,185.87109375,184.1813565340909,185.87109375,19854690,0
2018-07-12,186.2935791015625,187.5608823607568,184.18140700290533,184.18140700290533,23666051,0
2018-07-13,189.6730194091797,189.6730194091797,187.9832820425055,187.9832820425055,29716311,0
2018-07-16,188.82814025878906,190.09544321354605,188.82814025878906,189.67300889529372,15819254,0
2018-07-17,187.138427734375,188.8281652308479,186.71599336025676,187.98329648261145,21548436,0
2018-07-18,188.40577697753906,189.2506459325953,187.56090802248283,188.40577697753906,39898658,1
2018-07-19,189.6730194091797,191.78519111752246,189.6730194091797,190.51788809251678,39661216,1
2018-07-20,200.6563262939453,200.6563262939453,196.85441695363897,198.54415443821958,97969023,1
2018-07-23,203.61334228515625,206.9928168459057,201.50117068468782,201.9236050047815,52256877,1
2018-07-24,203.61334228515625,204.03577660524994,201.50117068468782,202.76847364496888,27239267,0
2018-07-25,203.19090270996094,203.61333701912926,201.923599782456,201.923599782456,20962512,0
2018-07-26,203.61334228515625,204.8806452454373,202.3460393248752,203.61334228515625,30606388,0
2018-07-27,206.5703582763672,206.5703582763672,203.61331838284045,204.4581869238481,27129646,0
2018-07-30,207.41526794433594,207.41526794433594,206.14796488153956,206.570399235805,22788730,0
2018-07-31,207.8376922607422,207.8376922607422,204.4582175898358,205.72552059142572,27059442,1
2018-08-01,209.52745056152344,209.52745056152344,208.26014743312714,208.68258180925923,29136161,1
2018-08-02,206.5703582763672,210.79470098140536,205.72548973535956,210.37226671090156,22402110,0
2018-08-03,208.6825714111328,209.52744012129935,206.99283399079977,207.8377027009663,24719097,0
2018-08-06,207.41526794433594,208.68257100713228,206.14796488153956,206.9928335900705,22364568,0
2018-08-07,204.03579711914062,207.41527201966468,204.03579711914062,206.9928376570992,23992418,0
2018-08-08,209.10499572753906,209.10499572753906,206.5703897187204,206.99282405352352,24382432,0
2018-08-09,208.6825714111328,209.52744012129935,207.8377027009663,208.6825714111328,15128655,0
2018-08-10,206.99282836914062,208.6825657435826,206.57039402553013,208.2601313999721,15890492,0
2018-08-13,203.19090270996094,205.30307425580253,201.923599782456,204.03577132829759,17881194,0
2018-08-14,205.7255401611328,206.9928432832753,204.8806714130378,206.9928432832753,17358913,0
2018-08-15,204.03579711914062,206.57040329453366,202.34605966887858,206.57040329453366,18473321,0
2018-08-16,201.92359924316406,204.03577078336454,201.07873062708387,201.07873062708387,19155966,0
2018-08-17,202.34603881835938,203.6133417754681,201.92360449932312,202.34603881835938,18324474,1
2018-08-20,202.34603881835938,202.7684731373956,201.07873586125064,202.34603881835938,16933437,1
2018-08-21,203.61334228515625,203.61334228515625,201.50117068468782,201.9236050047815,12014127,0
2018-08-22,204.45823669433594,204.88067106767136,203.19093357432973,204.03580232100055,12614240,0
2018-08-23,206.5703582763672,206.5703582763672,205.30305546485573,205.30305546485573,14839240,0
2018-08-24,205.7255401611328,207.8377120313703,205.3031057870853,207.4152776573228,14355943,0
2018-08-27,206.99282836914062,208.2601313999721,206.57039402553013,207.8376970563616,15152299,0
2018-08-28,210.79473876953125,211.21717311576276,209.52743573083666,209.9498700770682,36792531,0
2018-08-29,218.82101440429688,218.82101440429688,214.17423610613614,214.17423610613614,56993182,1
2018-08-30,222.6228790283203,226.42478777832957,221.77801041720713,223.46774763943347,48957808,1
2018-08-31,216.28640747070312,218.82101380825043,214.59666991233826,217.55371063947678,69069506,1
2018-09-03,217.1312255859375,219.66583133207686,216.70879129491428,218.8209627500304,26720905,0
2018-09-04,217.55368041992188,219.24341774357177,215.863943096272,218.39854908174684,34304615,0
2018-09-05,223.04527282714844,223.46770705598772,218.82093053875548,219.66579899643406,44864459,0
2018-09-06,220.51072692871094,226.42480772756528,220.51072692871094,226.42480772756528,35698488,0
2018-09-07,223.04527282714844,223.04527282714844,220.08823322527334,222.20040436946982,38663728,1
2018-09-10,223.4677734375,225.15751085479678,221.7780360202032,225.15751085479678,41659795,1
2018-09-11,219.66587829589844,222.6229189652663,217.97614077054536,222.20048458392804,34350276,0
2018-09-12,220.08827209472656,221.35557500506087,217.9761005775027,220.51070639817132,37885965,0
2018-09-13,215.44149780273438,219.66584089690565,214.174194874483,219.66584089690565,37576180,0
2018-09-14,220.51072692871094,220.93316127148626,217.13125218650848,217.13125218650848,37903219,0
2018-09-17,217.9761199951172,221.77802906479948,217.1312513129656,221.77802906479948,24765758,1
2018-09-18,215.01910400390625,217.1312759489348,214.59666961490055,216.70884155992908,33960152,1
2018-09-19,217.9761199951172,219.66585735942044,217.1312513129656,217.9761199951172,59227711,0
2018-09-20,219.66587829589844,220.93318143991323,217.5537063892071,220.93318143991323,29649071,0
2018-09-21,220.93316650390625,220.93316650390625,217.9761260344467,220.93316650390625,35012974,0
2018-09-25,222.6228790283203,223.0453133338769,220.0882731949808,220.93314180609397,24397062,0
2018-09-26,222.6228790283203,222.6228790283203,220.51070750053736,222.2004447227637,24859115,1
2018-09-27,223.89019775390625,224.73506642467572,221.3555917415979,223.0453290831368,38495371,1
2018-09-28,221.77806091308594,224.73510172526042,219.66588890438987,224.73510172526042,39626486,0
2018-10-01,222.200439453125,223.0453080442015,220.51070227097196,221.35557086204847,22254380,0
2018-10-02,217.55368041992188,222.20045805995906,217.1312460890094,221.3555893981341,38391491,0
2018-10-03,219.66587829589844,219.66587829589844,217.13127200786883,217.5537063892071,25228536,0
2018-10-04,214.5966339111328,217.5536741421917,214.5966339111328,217.13123982346903,36408727,0
2018-10-05,211.21717834472656,213.75178448486326,209.9498752746582,211.21717834472656,40204660,0
2018-10-08,205.7255401611328,208.2601464054178,203.6133682908953,207.4152776573228,50876958,0
2018-10-09,206.14794921875,206.99281786308913,204.4582119300717,205.72551489658042,28905345,1
2018-10-11,192.20761108398438,197.27682280488068,191.78517677390968,197.27682280488068,94589657,1
2018-10-12,200.23385620117188,200.23385620117188,193.47490746864287,195.16464465177512,47175769,1
2018-10-15,194.7422332763672,197.69927369488033,194.7422332763672,197.69927369488033,42168280,1
2018-10-16,200.23385620117188,200.23385620117188,193.47490746864287,193.89734176442593,37818077,1
2018-10-17,201.5011749267578,205.30308388764,201.0787405977709,204.03578090067927,42494858,1
2018-10-18,199.8114471435547,201.92361888925822,198.96657844527329,201.07875019097682,25676430,0
2018-10-19,199.38900756835938,199.81144190642794,194.31979551153668,195.1646641876738,28358460,1
2018-10-22,200.23385620117188,201.078724792738,195.58707894755818,196.4319475391243,29275777,1
2018-10-23,194.31982421875,197.69929942255436,194.31982421875,196.00956182065218,32827745,0
2018-10-24,193.89735412597656,195.1646570941202,191.78518251240385,194.3197884486911,44321950,1
2018-10-25,185.4486846923828,187.56085649981313,185.4486846923828,186.29355341535492,75524118,1
2018-10-26,186.71600341796875,189.25060979920815,183.3365282429829,188.4057410054617,38439644,0
2018-10-29,187.98330688476562,189.2506100772472,186.71600369228406,188.4057412822595,18463792,0
2018-10-30,188.40577697753906,190.09551488765152,186.29360458989848,186.7160390674266,28877931,1
2018-10-31,197.69924926757812,197.69924926757812,192.63003774789664,192.63003774789664,57283201,1
2018-11-01,198.96656799316406,200.23387097401223,196.8543963584171,199.38900232011346,41974797,0
2018-11-02,199.8114471435547,199.8114471435547,197.27684104871045,199.8114471435547,30722361,0
2018-11-05,198.54415893554688,198.9665933162608,196.0095526512633,196.85442141269115,25452065,0
2018-11-06,198.12168884277344,198.96655745191106,196.4319516244982,197.69925453820463,30468176,0
2018-11-07,197.69924926757812,199.3889864408053,196.43194638765777,196.85438068096457,34424652,1
2018-11-08,199.8114471435547,200.65631584183612,199.389012794414,200.65631584183612,24739146,1
2018-11-09,195.1646728515625,198.12171334931344,195.1646728515625,198.12171334931344,23219081,0
2018-11-12,195.58709716796875,198.12170317878474,194.31979416256073,194.31979416256073,23228445,0
2018-11-13,192.20761108398438,192.63004539405907,189.67300522353625,189.67300522353625,36104127,0
2018-11-14,193.05250549316406,195.1646773256932,193.05250549316406,194.31980859268154,20028279,0
2018-11-15,195.1646728515625,196.0095415652056,193.05250106745467,193.8973697810978,22072228,0
2018-11-16,190.94032287597656,193.47492893185236,190.09545419068465,193.47492893185236,46738909,0
2018-11-19,187.5608367919922,190.0954426945867,186.71596815779404,190.0954426945867,48944754,0
2018-11-20,184.18138122558594,186.29355302863166,184.18138122558594,185.02624994680423,41569756,0
2018-11-21,185.02626037597656,185.87112914481665,180.8019165317762,181.22435091619624,35206343,0
2018-11-22,185.02626037597656,187.5608666824968,185.02626037597656,187.13843229807676,21929610,1
2018-11-23,184.60379028320312,186.29352749403338,183.33648737508045,186.29352749403338,14883334,1
2018-11-26,188.40577697753906,189.2506459325953,184.60386667978602,185.02630115731415,30599804,0
2018-11-27,189.25057983398438,189.67301416397095,185.02623653411865,185.8711051940918,26584349,0
2018-11-28,191.36276245117188,191.7851968053687,187.56085326340025,187.98328761759709,24429026,0
2018-11-29,193.4749298095703,195.5871015323822,193.4749298095703,195.5871015323822,44383207,0
2018-11-30,190.51788330078125,195.1646609422637,190.51788330078125,193.89735794913213,55827957,1
2018-12-03,198.54415893554688,198.54415893554688,195.16468388983543,195.16468388983543,45333986,1
2018-12-04,197.69924926757812,198.12168356088492,195.1646435077374,196.85438068096457,39746162,0
2018-12-05,190.94032287597656,192.20762590391448,190.09545419068465,191.36275721862253,42835576,1
2018-12-06,185.87109375,187.56083096590908,185.44865944602273,185.87109375,40149112,1
2018-12-07,186.71600341796875,188.82817540233492,186.29356902109552,187.98330660858846,25063568,0
2018-12-10,185.02626037597656,185.87112914481665,184.60382599155653,185.44869476039662,19433461,0
2018-12-11,187.98330688476562,188.4057412822595,185.02626610230865,185.87113489729637,27375220,1
2018-12-12,191.36276245117188,191.7851968053687,187.98328761759709,188.8281563259908,26433846,1
2018-12-13,190.94032287597656,192.20762590391448,190.09545419068465,191.7851915612685,32087141,0
2018-12-14,187.98330688476562,188.82817567975334,186.29356929479022,188.4057412822595,38646159,0
2018-12-17,188.82814025878906,190.09544321354605,185.8711000310228,186.71596866752745,18938952,0
2018-12-18,187.98330688476562,188.4057412822595,186.29356929479022,186.71600369228406,30203541,1
2018-12-19,190.51788330078125,190.51788330078125,187.56084298347423,187.56084298347423,23390082,1
2018-12-20,186.71600341796875,187.98330660858846,186.71600341796875,186.71600341796875,35027116,0
2018-12-21,188.82814025878906,189.2505745770414,185.02623139451813,185.02623139451813,43507532,0
2018-12-24,185.87109375,187.1383966619318,185.44865944602273,187.1383966619318,22976100,0
2018-12-25,183.75894165039062,184.1813759990122,181.64676990728267,182.06920425590428,19402777,1
2018-12-26,182.91407775878906,185.44868391710946,182.49164339906898,184.60381519766932,16463259,1
2018-12-27,188.40577697753906,189.2506459325953,186.29360458989848,187.56090802248283,21491484,1
2018-12-28,190.51788330078125,190.51788330078125,187.9832773145181,188.8281459766058,29456773,1
2019-01-02,185.4486846923828,191.36276575318772,185.02625033089674,191.36276575318772,32900482,0
2019-01-03,182.0692138671875,184.18138572179524,180.80191075442286,180.80191075442286,34087620,1
2019-01-04,175.73269653320312,178.68973709986759,174.46539343320404,178.68973709986759,65943521,1
2019-01-07,179.95704650878906,180.80191527174114,178.26730898288494,179.11217774583702,35442176,0
2019-01-08,178.26731872558594,179.53462193927493,177.42244991645993,179.11218753471195,22694481,0
2019-01-09,182.0692138671875,182.9140826090306,178.26730452889356,179.11217327073666,46295446,0
2019-01-10,182.4916229248047,182.9140572371306,181.22431998782687,182.4916229248047,20754593,1
2019-01-11,186.2935791015625,186.2935791015625,184.18140700290533,185.0262758423682,28102288,1
2019-01-14,184.60379028320312,185.8710931913258,183.33648737508045,184.60379028320312,17612296,0
2019-01-15,186.71600341796875,186.71600341796875,182.0692250523632,182.91409384610967,38882923,0
2019-01-16,183.75894165039062,185.87111339349855,183.75894165039062,184.60381034763378,28978282,0
2019-01-17,186.2935791015625,186.71601352129395,184.18140700290533,184.18140700290533,21163986,0
2019-01-18,184.60379028320312,185.8710931913258,183.758921677788,185.02622458591068,49627569,0
2019-01-21,186.71600341796875,188.4057410054617,185.8711346242223,185.8711346242223,29384866,0
2019-01-22,188.40577697753906,188.40577697753906,185.02630115731415,185.87117011237038,28926483,1
2019-01-23,186.2935791015625,187.5608823607568,185.87114468183108,187.13844794102536,16671213,1
2019-01-24,187.98330688476562,187.98330688476562,186.29356929479022,187.98330688476562,26417924,0
2019-01-25,190.94032287597656,191.7851915612685,190.09545419068465,191.36275721862253,46692764,1
2019-01-28,193.4749298095703,193.8973641541327,192.63006112044556,193.8973641541327,26026257,1
2019-01-29,187.98330688476562,190.0954788722349,187.56087248727178,187.98330688476562,41122520,1
2019-01-30,186.71600341796875,187.13843781484198,185.8711346242223,186.29356902109552,44755945,1
2019-02-11,192.6300811767578,193.47494995384886,191.36277801112124,192.6300811767578,78307106,1
2019-02-12,194.31982421875,194.31982421875,193.47495541779892,194.31982421875,29406670,1
2019-02-13,193.4749298095703,196.0095358769446,193.05249546500792,196.0095358769446,28634925,0
2019-02-14,191.78518676757812,194.3197927601012,190.9403181034038,193.89735842801403,23647751,1
2019-02-15,191.78518676757812,193.47492409592684,191.36275243549096,193.47492409592684,22369799,1
2019-02-18,194.31982421875,194.74225861922554,193.05252101732336,193.47495541779892,16978916,0
2019-02-19,193.4749298095703,194.74223284325745,193.4749298095703,194.31979849869506,16577023,0
2019-02-20,198.12168884277344,198.12168884277344,195.16464871079174,195.58708301536058,30479710,0
2019-02-21,199.8114471435547,199.8114471435547,198.12170974699185,198.96657844527329,33764489,0
2019-02-22,199.8114471435547,199.8114471435547,197.69927539785115,198.96657844527329,22032163,0
2019-02-25,201.0787353515625,201.92360398749344,199.38899807970063,200.65630103359703,24105138,1
2019-02-26,202.34603881835938,202.7684731373956,199.81143290414192,201.92360449932312,24522789,1
2019-02-27,201.92359924316406,202.34603355120416,200.2338620110037,201.50116493512397,35240889,0
2019-03-04,198.96656799316406,202.3460426087592,198.1216993392653,202.3460426087592,39655513,0
2019-03-05,196.85440063476562,198.12170364314395,196.4319662986395,197.69926930701783,22641407,0
2019-03-06,197.69924926757812,198.9665521474985,197.27681497427133,198.5441178541917,20433226,0
2019-03-07,197.69924926757812,198.5441178541917,196.85438068096457,198.5441178541917,17126192,1
2019-03-08,194.31982421875,195.58712742017664,193.47495541779892,195.16469301970108,22190659,1
2019-03-11,194.7422332763672,194.7422332763672,192.20762720335588,192.63006154885778,23200793,0
2019-03-12,198.96656799316406,200.23387097401223,196.43196203146772,196.8543963584171,23588085,0
2019-03-13,200.23385620117188,200.23385620117188,197.6992504264735,197.6992504264735,20500195,0
2019-03-14,198.12168884277344,201.92359758389276,197.69925453820463,201.92359758389276,17175356,0
2019-03-15,201.92359924316406,202.34603355120416,198.96655908688342,200.2338620110037,33649729,0
2019-03-18,203.61334228515625,203.61334228515625,201.9236050047815,202.3460393248752,26856532,0
2019-03-19,203.19090270996094,203.19090270996094,201.07873116411935,201.923599782456,14479009,0
2019-03-20,204.45823669433594,204.45823669433594,202.34606482765892,204.45823669433594,22975971,0
2019-03-21,207.41526794433594,207.41526794433594,203.61335875594688,204.88066181874322,26179502,1
2019-03-22,209.94984436035156,209.94984436035156,206.57037000445055,209.52741006586393,22931467,1
2019-03-25,204.03579711914062,205.72553456940267,203.1909283940096,203.1909283940096,19211254,0
2019-03-26,206.14794921875,206.14794921875,203.61334328573258,205.30308057441087,19920170,0
2019-03-27,204.03579711914062,204.88066584427165,203.1909283940096,204.45823148170612,22590089,1
2019-03-28,204.45823669433594,204.88067106767136,202.7684992009943,203.19093357432973,13933054,1
2019-03-29,207.41526794433594,207.41526794433594,203.19092440168143,205.30309617300867,28220810,0
2019-04-01,207.41526794433594,212.06204584125587,206.9928335900705,212.06204584125587,35330656,0
2019-04-02,207.8376922607422,210.79473259778527,207.8376922607422,210.79473259778527,24105053,0
2019-04-03,208.26011657714844,210.372288144868,208.26011657714844,210.372288144868,24945323,0
2019-04-08,213.7517852783203,213.7517852783203,211.63961348703256,212.06204784529012,45184821,0
2019-04-09,214.5966339111328,214.5966339111328,212.906896636242,213.7517652736874,22355674,0
2019-04-10,214.5966339111328,215.01906822985552,212.906896636242,213.7517652736874,25849934,0
2019-04-11,212.9069061279297,214.59664347815135,212.48447179037427,213.75177480304052,24896840,0
2019-04-12,212.9069061279297,213.75177480304052,212.06203745281886,212.48447179037427,13548148,0
2019-04-15,215.8639373779297,216.28637169765167,214.59663441876378,215.44150305820773,17192002,0
2019-04-16,217.1312255859375,217.1312255859375,215.86392271286783,217.1312255859375,19652648,0
2019-04-17,220.93316650390625,222.20046956224604,219.2434290927865,219.66586344556643,37864191,0
2019-04-18,223.4677734375,224.7350765004726,222.62290472885158,223.04533908317578,38006795,0
2019-04-19,223.4677734375,227.69211698074196,222.62290472885158,227.26968262641776,44658699,0
2019-04-22,224.73507690429688,226.00237996954667,223.89020819413037,225.15751125938016,24967393,0
2019-04-23,226.42481994628906,226.42481994628906,224.73508248400333,225.15751684957476,25336847,1
2019-04-24,227.2696533203125,228.11452192001627,226.00235042075684,228.11452192001627,26449755,1
2019-04-25,226.0023651123047,227.26966809424283,225.57993078499194,226.84723376693012,32386724,1
2019-04-26,219.66587829589844,222.20048458392804,217.5537063892071,221.3556158212515,47518804,1
2019-04-29,219.24337768554688,221.35554895419378,218.39850917808812,219.66581193927627,31126618,0
2019-04-30,218.82101440429688,220.08831757652254,217.9761456228131,219.66588318578064,33799419,0
2019-05-02,218.82101440429688,221.77805513949008,218.398580013555,220.9331863580063,27091394,0
2019-05-03,223.89019775390625,223.89019775390625,220.0882887354437,221.3555917415979,29840246,0
2019-05-06,218.82101440429688,219.66588318578064,217.9761456228131,219.66588318578064,32823187,1
2019-05-07,221.77806091308594,222.20049531482516,218.82102010091145,219.24345450265068,25686126,1
2019-05-08,219.66587829589844,220.93318143991323,219.24344391456017,219.66587829589844,25542364,0
2019-05-09,216.70884704589844,219.2434534440961,216.28641264619884,219.2434534440961,33587574,0
2019-05-10,216.28640747070312,218.82101380825043,215.4415386915207,217.13127624988556,18617212,0
2019-05-13,211.6396484375,214.59668943363275,210.79477958146208,213.75182057759483,28284535,0
2019-05-14,209.94984436035156,212.0620158327897,206.99280429893818,209.10497577137633,45055708,0
2019-05-15,210.37228393554688,212.90688976609562,210.37228393554688,212.0620211559127,36825479,0
2019-05-16,208.6825714111328,210.79474318654914,207.8377027009663,209.9498744763826,29713519,0
2019-05-17,204.03579711914062,210.37231255762325,204.03579711914062,210.37231255762325,38647856,0
2019-05-20,201.0787353515625,205.30307853121718,201.0787353515625,204.8806442132517,39157661,1
2019-05-21,197.69924926757812,199.3889864408053,196.43194638765777,197.27681497427133,80042775,1
2019-05-22,201.0787353515625,203.19090694138984,198.96656376173516,199.8114323976661,34622034,1
2019-05-23,194.31982421875,197.2768650220788,194.31982421875,197.2768650220788,58752627,1
2019-05-24,196.85440063476562,197.69926930701783,194.31979461800898,194.31979461800898,36000789,0
2019-05-27,195.1646728515625,198.544147706135,195.1646728515625,197.69927899249188,35562033,0
2019-05-28,194.7422332763672,196.00953631287283,194.7422332763672,196.00953631287283,95240033,1
2019-05-29,193.89735412597656,194.74222277140566,191.78518251240385,192.63005115783292,26533236,1
2019-05-30,195.1646728515625,195.58710720838405,193.47493542427623,194.31980413791936,28500328,0
2019-05-31,198.96656799316406,200.65630530096163,195.16465905061952,196.00952770451832,46070338,1
2019-06-03,201.0787353515625,201.50116966952797,196.00952353597688,198.96656376173516,31054092,1
2019-06-04,196.85440063476562,201.07874399602667,196.85440063476562,200.6563096599006,24443428,0
2019-06-05,198.54415893554688,201.07876521983044,197.69929017411903,201.07876521983044,29139584,1
2019-06-06,196.009521484375,196.009521484375,193.89734991665546,195.5870871708311,34651731,1
2019-06-10,202.76853942871094,202.76853942871094,198.1217604001363,200.6563671429952,35373888,0
2019-06-11,206.5703582763672,207.83766108787864,201.9235813008252,202.76844984183282,31965670,1
2019-06-12,207.8376922607422,209.1049952623321,205.30308625756243,206.5703892591523,29675556,1
2019-06-13,202.76853942871094,206.14801508585614,202.76853942871094,204.8807117144267,32981724,0
2019-06-14,199.38900756835938,202.34604793483928,199.38900756835938,201.50117925870217,31951556,1
2019-06-17,196.85440063476562,198.54413797927003,194.7422289541351,195.5870976263873,51017012,1
2019-06-18,198.96656799316406,198.96656799316406,196.8543963584171,197.6992650123159,28578087,0
2019-06-19,206.14794921875,206.14794921875,203.190908963563,204.8806462522413,50164372,0
2019-06-20,206.99282836914062,207.41526271275112,203.6133536202567,204.45822230747768,37836291,0
2019-06-21,209.94984436035156,209.94984436035156,207.83767288791344,209.52741006586393,61164304,0
2019-06-24,210.38636779785156,211.25934027834057,209.51339531736255,210.38636779785156,43300507,0
2019-06-25,208.2039337158203,210.82285112105077,206.8944750132051,210.38636488684568,28559283,0
2019-06-26,204.71206665039062,206.45801178173724,204.27558036755397,205.14855293322728,27607041,0
2019-06-27,209.94985961914062,210.8228320084094,206.02148386743113,206.02148386743113,42007834,0
2019-06-28,208.64041137695312,210.822842458302,207.76743894441356,210.822842458302,25962203,1
2019-07-01,216.93365478515625,218.24311346595195,213.87825119663293,214.31473742356482,66307875,1
2019-07-02,217.3701171875,218.24308954568272,216.0606586502259,217.80660336659136,24181202,0
2019-07-03,211.69581604003906,213.87824713323533,211.2593298213998,213.00527469595684,29449774,0
2019-07-04,213.00534057617188,213.87831328345126,211.69588151525278,213.44182692981155,17481240,0
2019-07-05,212.13233947753906,213.87828465842415,210.82288059187525,213.44179836320288,22867074,0
2019-07-08,211.69581604003906,213.44176091459607,209.5133849468428,209.5133849468428,27787909,1
2019-07-09,211.2593536376953,212.13232617338826,209.94989483415588,210.82286736984884,16418987,1
2019-07-10,215.62417602539062,215.62417602539062,212.1322865351009,212.1322865351009,23812131,0
2019-07-11,218.24310302734375,218.24310302734375,216.06067199707033,218.24310302734375,31160289,0
2019-07-12,218.67958068847656,219.98903925547341,217.80660831047865,219.98903925547341,23479432,0
2019-07-15,222.17149353027344,222.17149353027344,217.806631181938,219.11608988643863,29727300,0
2019-07-16,223.48092651367188,223.9174126982689,221.2984955906868,221.7349817752838,21361249,0
2019-07-17,219.98904418945312,221.7349889846075,219.11607179187592,221.7349889846075,25573648,0
2019-07-18,221.73501586914062,222.17150212085156,219.5525846105861,219.989070862297,20842575,0
2019-07-19,226.09988403320312,227.84582908365257,226.09988403320312,226.5363702958155,59709798,0
2019-07-22,230.4646759033203,230.4646759033203,228.7187313889012,229.59170364611077,31522639,0
2019-07-23,230.4646759033203,232.6471065463442,229.155217517506,231.77413428913462,29273223,1
2019-07-24,231.3376922607422,232.64715089618036,229.5917474134913,232.64715089618036,23734039,1
2019-07-25,231.3376922607422,231.3376922607422,228.28228877805316,230.46471983711675,30433545,0
2019-07-26,227.84576416015625,229.15522257486978,227.84576416015625,227.84576416015625,20438071,0
2019-07-29,227.84576416015625,228.71873643663193,226.5363057454427,226.97279188368054,17509320,0
2019-07-30,226.97280883789062,229.5917258629432,226.97280883789062,229.1552396921011,22670612,0
2019-07-31,226.53631591796875,226.97280207580684,224.3538851287783,226.97280207580684,31635601,0
2019-08-01,223.91741943359375,224.79039182904634,223.04444703814113,224.79039182904634,30017526,0
2019-08-02,219.55259704589844,221.29854215163124,218.67962449303204,219.98908332233165,54021644,1
2019-08-05,215.18768310546875,219.98903100437374,214.3147107602133,219.11605865911827,51535721,1
2019-08-06,216.93365478515625,218.24311346595195,209.51338892731388,209.51338892731388,58625879,0
2019-08-07,216.49716186523438,218.6795929324242,215.18770322492045,218.24310671898624,29435460,1
2019-08-08,221.29852294921875,221.73500918777737,216.49717432507396,216.49717432507396,29725266,1
2019-08-12,219.11607360839844,222.1714770252486,219.11607360839844,222.1714770252486,21794603,1
2019-08-13,215.18768310546875,217.8066001412351,215.18768310546875,217.37011396860737,23121107,1
2019-08-14,217.8065948486328,221.73497030682458,217.8065948486328,220.42551182076068,35216703,0
2019-08-15,216.49716186523438,216.93364807867232,214.75121701148248,215.62418943835843,27624412,0
2019-08-16,218.24310302734375,219.9890478515625,216.497158203125,217.80661682128908,25370715,0
2019-08-19,219.98904418945312,220.86201658703033,218.67958559308732,219.55255799066452,24060514,1
2019-08-20,222.17149353027344,222.17149353027344,220.42554859093926,221.73500729543989,19960494,1
2019-08-21,222.17149353027344,222.607979765107,220.8620348257728,222.17149353027344,20269296,0
2019-08-22,221.73501586914062,224.79041963111698,221.73501586914062,224.35393337940607,21900840,0
2019-08-23,221.73501586914062,222.17150212085156,220.86204336571882,221.29852961742972,14166877,1
2019-08-26,216.93365478515625,218.67959969288387,216.93365478515625,217.37014101208814,31678620,1
2019-08-27,218.24310302734375,219.11607543945314,216.9336444091797,218.67958923339845,50234951,0
2019-08-28,219.98904418945312,220.86201658703033,218.67958559308732,218.67958559308732,15132882,0
2019-08-29,221.73501586914062,221.73501586914062,219.1160983588752,220.86204336571882,19587767,0
2019-08-30,226.09988403320312,226.09988403320312,223.48096645752895,223.9174527201413,35184201,0
2019-09-02,224.7904052734375,225.22689149726943,223.48094660194175,225.22689149726943,14614854,0
2019-09-03,221.73501586914062,225.2269058828279,220.86204336571882,223.91744712769517,25762495,0
2019-09-04,224.7904052734375,225.22689149726943,221.73500170661407,221.73500170661407,22540733,1
2019-09-05,229.5917205810547,229.5917205810547,227.40928977705227,229.5917205810547,48791728,1
2019-09-06,230.02825927734375,231.3377180588087,229.59177301685543,231.3377180588087,25408515,0
2019-09-10,228.2823486328125,230.46478026410134,227.40937598029697,230.02829393784356,29308866,0
2019-09-11,229.5917205810547,230.90117906345614,227.40928977705227,230.46469290265566,36196015,0
2019-09-12,229.15528869628906,231.3377200172061,228.28231616792226,231.3377200172061,26017293,0
2019-09-16,231.77420043945312,231.77420043945312,228.28231041399997,228.7187966671816,32573966,0
2019-09-17,231.3376922607422,232.64715089618036,230.90120604892948,232.64715089618036,27600844,0
2019-09-18,233.0836181640625,235.2660490457485,232.64713198772532,233.0836181640625,47684759,0
2019-09-19,233.08363342285156,235.7223160653744,232.2040725420106,235.7223160653744,25233567,0
2019-09-20,232.2040252685547,234.40292702299175,232.2040252685547,233.96314667210436,43868865,0
2019-09-23,232.2040252685547,232.2040252685547,231.32446456677985,232.2040252685547,13093208,0
2019-09-24,233.08363342285156,233.52341386327203,230.44495078032872,231.76429210159014,24244943,1
2019-09-25,233.96324157714844,233.96324157714844,230.44499734290562,230.88477787218596,21003163,1
2019-09-26,235.72235107421875,237.04169259142517,234.4030095570123,236.6019120856897,29940103,0
2019-09-27,239.24057006835938,239.68035052804387,238.3610091489904,238.8007896086749,41235817,0
2019-10-01,246.277099609375,246.71688014439175,240.12017211914062,240.12017211914062,71743890,0
2019-10-02,245.83731079101562,247.1566523516114,245.39753027081701,246.2770913112142,29295953,0
2019-10-03,243.19857788085938,244.07813874118798,240.99967573003786,240.99967573003786,31890864,0
2019-10-04,243.19857788085938,246.2770408920095,241.87923659036647,245.8372604618452,35169613,0
2019-10-07,244.51791381835938,245.83725507996922,244.07813339782277,245.39747465943262,17510230,0
2019-10-08,251.9941864013672,251.9941864013672,248.4759429612085,249.35550382124816,35278551,0
2019-10-09,248.0361785888672,251.55442225679437,248.0361785888672,249.35551996433986,34777456,0
2019-10-14,255.07269287109375,256.3920343859442,253.75335135624326,256.3920343859442,46683517,0
2019-10-15,258.15106201171875,260.3499637324319,256.8317209792909,258.15106201171875,38018567,1
2019-10-16,260.789794921875,262.10913621153037,258.1511123425643,262.10913621153037,40297144,1
2019-10-17,258.15106201171875,259.9101833882892,256.8317209792909,259.4704030441466,40271938,0
2019-10-18,257.7113037109375,259.9102056197339,255.9521821839004,257.7113037109375,45102984,1
2019-10-21,255.07269287109375,255.95225388099408,253.75335135624326,255.95225388099408,34634365,1
2019-10-22,258.5909423828125,258.5909423828125,256.3920398115301,257.27160084004305,26005020,0
2019-10-23,257.7113037109375,258.1510840926968,255.5124018021411,258.1510840926968,28675408,0
2019-10-24,257.7113037109375,259.03064485621536,255.9521821839004,259.03064485621536,29040827,0
2019-10-25,258.15106201171875,259.030622700004,257.27150132343354,259.030622700004,22682711,0
2019-10-28,259.03076171875,259.9103228790853,258.5909811385823,259.4705422989176,20076561,0
2019-10-29,262.5489807128906,262.5489807128906,260.7898585640605,261.22963910126805,36682131,0
2019-10-30,263.4284973144531,263.4284973144531,260.78981453667893,262.5489363885284,32370342,0
2019-10-31,262.5489807128906,265.1876639361357,262.5489807128906,263.8683223245132,40944514,1
2019-11-01,262.9886779785156,263.42845837647303,260.7897759887287,263.42845837647303,30121678,1
2019-11-04,270.0251159667969,270.9046766051252,264.7477521368269,266.0670930943194,44899671,1
2019-11-05,273.1036376953125,273.1036376953125,270.02517479053444,270.46495520550275,32201184,1
2019-11-06,273.5433654785156,273.98314580886694,270.90468349640776,271.7842441571104,22149743,0
2019-11-07,271.78436279296875,272.6639238376062,269.58546018137514,272.6639238376062,28291659,0
2019-11-08,268.7059020996094,271.78436578978494,268.7059020996094,271.344585262617,25651542,1
2019-11-11,264.7478332519531,268.2660768832083,263.86827234413937,268.2660768832083,35165583,1
2019-11-12,268.2661437988281,268.2661437988281,265.62746041720027,266.0672409808049,17540708,0
2019-11-13,267.3865051269531,267.3865051269531,265.1876029466328,266.506944254825,18172438,0
2019-11-14,266.9466552734375,268.2659962385451,265.6273143083299,267.82621591684256,15734835,0
2019-11-15,270.0251159667969,270.464896285961,267.82621437097606,268.7057750093044,28848445,0
2019-11-18,273.5433654785156,273.5433654785156,270.02512283570513,271.34446382675907,18691325,1
2019-11-19,277.0616760253906,277.0616760253906,273.5434325203063,274.8627738347129,31634197,1
2019-11-20,275.7423400878906,276.1821205346018,274.42299874775716,276.1821205346018,22387973,0
2019-11-21,273.5433654785156,273.5433654785156,270.02512283570513,272.2240244874617,28108833,0
2019-11-22,271.78436279296875,273.1037043599249,270.9048017483313,272.6639238376062,24737984,1
2019-11-25,270.0251159667969,273.103578200946,270.0251159667969,273.103578200946,19530177,1
2019-11-26,270.0251159667969,273.103578200946,270.0251159667969,272.6637978817819,101224622,1
2019-11-27,273.5433654785156,273.98314580886694,270.46490316605644,270.46490316605644,18467648,1
2019-11-28,272.2240905761719,274.42299276176294,271.34452970193547,272.6638710132901,19077982,0
2019-11-29,268.2661437988281,272.22416887126985,268.2661437988281,271.7843883076652,30963561,0
2019-12-02,270.4648742675781,270.90465455094005,269.5853137008543,270.0250939842162,24016807,0
2019-12-03,270.0251159667969,270.0251159667969,268.2659946901402,268.2659946901402,24690319,1
2019-12-04,269.1456298828125,269.1456298828125,267.38650811887254,268.26606900084255,25492686,1
2019-12-05,274.4229736328125,274.4229736328125,271.78429119403546,271.78429119403546,34521842,0
2019-12-06,275.3025817871094,277.9412646796376,273.5434598587573,277.06170371546153,17695703,0
2019-12-09,277.94122314453125,278.38100356089916,276.18210147905955,276.18210147905955,23256081,0
2019-12-10,275.7423400878906,277.5014618747352,274.8627791944683,277.06168142802403,20570594,0
2019-12-11,280.5799560546875,280.5799560546875,275.3025901100852,276.18215110085225,31223148,0
2019-12-12,291.5744934082031,294.2131766064674,284.9777854125424,285.8573464786305,52742851,0
2019-12-13,298.17120361328125,301.68944790370347,297.2916425406757,299.0507646858868,58198939,0
2019-12-16,295.53240966796875,297.73131152561734,295.53240966796875,295.97219003949846,102188,1
2019-12-17,303.448486328125,303.448486328125,294.65287802875906,294.65287802875906,40813458,1
2019-12-18,303.0086975097656,303.44847791253744,300.3700150931349,300.3700150931349,39682841,0
2019-12-19,296.80682373046875,303.0087573606576,296.80682373046875,301.2367763234608,54888012,1
2019-12-20,291.4908447265625,295.03480636457545,291.04784952181086,294.14881595507217,86280459,1
2019-12-23,295.9207763671875,295.9207763671875,291.9338197993661,291.9338197993661,26639340,0
2019-12-24,294.1488342285156,296.3638103898749,294.1488342285156,295.92081515760304,13488907,0
2019-12-25,295.03472900390625,296.36371426968964,293.2627486495285,294.14873882671736,12262954,0
2019-12-26,295.03472900390625,295.9207191810952,293.7057437381229,295.03472900390625,11427884,1
2019-12-27,299.4647521972656,299.4647521972656,296.8067810239171,296.8067810239171,16677806,1
2019-12-30,296.36383056640625,300.3507879282862,295.92083530397514,299.464797403424,21531263,1
2019-12-31,293.26287841796875,295.4778548410652,293.26287841796875,293.26287841796875,22890517,1
2020-01-02,300.3507995605469,300.3507995605469,294.5918609259051,294.5918609259051,31754120,1
2020-01-03,300.793701171875,305.6666477298877,297.24974003877486,304.7806574466127,41811268,1
2020-01-06,294.1488342285156,296.3638103898749,294.1488342285156,295.03482469305936,45343057,0
2020-01-07,291.933837890625,295.0348043022098,289.2758666806952,294.5918091005548,50879181,1
2020-01-08,291.933837890625,295.0348043022098,287.9468810757303,287.9468810757303,37567748,1
2020-01-09,299.021728515625,299.021728515625,295.4777672887731,296.8067527488426,31481504,0
2020-01-10,300.793701171875,302.12268659678756,297.69273518041234,301.67969145515,27032115,0
2020-01-13,302.5657043457031,303.00869952044064,300.3507284720157,303.00869952044064,30663332,1
2020-01-14,306.5527038574219,306.5527038574219,305.22371814705735,306.1097086206337,30223993,1
2020-01-15,301.2367248535156,305.6666766895967,299.02174893547505,305.6666766895967,47434274,0
2020-01-16,296.36383056640625,298.13581161613064,292.37687320452636,292.37687320452636,55211420,0
2020-01-17,295.03472900390625,297.2497044468785,294.14873882671736,295.9207191810952,52060097,0
2020-01-20,295.03472900390625,297.2497044468785,295.03472900390625,295.9207191810952,32658203,1
2020-01-30,280.4160461425781,288.83295748019106,280.4160461425781,288.83295748019106,125451049,1
2020-01-31,283.5168762207031,286.61784205436703,282.6308859825134,286.1748469352722,62526055,0
2020-02-03,279.08685302734375,280.4158380417596,276.4288829985119,279.08685302734375,59560849,0
2020-02-04,287.9468688964844,298.5787532865084,287.9468688964844,298.1357581035907,51890496,0
2020-02-05,290.1618957519531,291.93387679471317,287.5039241878131,291.4908815340231,36601453,0
2020-02-06,294.5918273925781,294.5918273925781,291.49086078844573,291.9338560176075,29267094,0
2020-02-07,290.6048889160156,292.8198652034853,288.83290788603995,292.37686994599136,28798327,0
2020-02-10,290.1618957519531,290.6048910126431,284.40295736298305,284.8459526236731,30632424,0
2020-02-11,293.70587158203125,294.59186214487295,292.37688573776865,292.8198810191895,27524935,1
2020-02-12,296.80682373046875,297.69281424906717,295.0348426932719,295.4778379525711,37612639,1
2020-02-13,296.80682373046875,299.464795286264,296.80682373046875,299.464795286264,22757021,0
2020-02-14,296.80682373046875,298.5788047676656,296.36382847116954,298.5788047676656,16933683,0
2020-02-17,293.70587158203125,295.0348574262938,292.8198810191895,293.70587158203125,15937079,0
2020-02-18,285.28887939453125,289.27583578358525,285.28887939453125,287.50385516622794,61825604,0
2020-02-19,289.2757873535156,289.71878243368946,285.2888316319511,285.7318267121249,38781218,0
2020-02-20,288.3898620605469,291.49082831926245,287.9468668807304,290.60483795962944,27011736,0
2020-02-21,287.9468688964844,289.27585444523737,286.1748881648137,288.38986407940206,22813534,0
2020-02-24,283.5168762207031,284.84586157798765,283.07388110160826,283.07388110160826,41693680,0
2020-02-25,285.28887939453125,286.61786485754925,281.30192300547725,283.5168987771739,36195011,0
2020-02-26,282.18798828125,283.9599693693583,280.4160071931417,280.85900246516877,60479362,0
2020-02-27,279.9730529785156,283.5170156744462,279.087062304533,282.6310250004636,61250927,1
2020-03-02,275.5429992675781,280.8589413756343,272.88502821355,272.88502821355,79912942,1
2020-03-03,281.3018798828125,283.51685531496065,279.97289462352364,282.18787005567174,49679411,0
2020-03-04,283.9599609375,285.28894671411854,280.85899412539,285.28894671411854,42941146,1
2020-03-05,286.1749267578125,288.8328982137674,286.1749267578125,287.9469077284491,37861525,1
2020-03-06,279.08685302734375,283.9597980802021,279.08685302734375,283.5168030753968,51546760,0
2020-03-09,270.67010498046875,274.6570623369732,270.67010498046875,272.44208602780407,87871277,0
2020-03-10,271.9990234375,273.77100404621336,266.6830816113599,267.12607676353826,71950130,0
2020-03-11,267.5691223144531,275.1000413199924,267.5691223144531,273.7710556131325,62216710,0
2020-03-12,260.481201171875,264.9111535727572,254.27926781063988,264.9111535727572,113527351,0
2020-03-13,256.9372253417969,260.48118707064924,241.43239277806776,243.6473688586005,149995148,0
2020-03-16,244.9762725830078,257.823129553907,244.09028244708375,252.5071887383625,103873228,0
2020-03-17,237.44544982910156,244.97636894681563,234.78747837579073,234.78747837579073,121323651,0
2020-03-18,230.35752868652344,241.43240987337552,230.35752868652344,238.77443838853102,117437643,1
2020-03-19,221.85887145996094,226.3318325781053,210.67646866459998,225.43724035447642,160811697,1
2020-03-20,241.53990173339844,241.53990173339844,229.0156105324074,231.25209110401295,157664726,1
2020-03-23,228.12100219726562,234.83044343836167,225.4372257008272,229.91018652822459,76466709,1
2020-03-24,239.3034210205078,245.11827050324914,237.96153267833674,239.75071713456484,81952933,0
2020-03-25,247.8020477294922,250.4858244197033,245.1182710392811,247.354751614457,79447199,1
2020-03-26,250.48580932617188,250.48580932617185,246.46014453342983,250.03851323808942,52845633,1
2020-03-27,244.2236785888672,255.85337756928942,244.2236785888672,254.06419311076294,68752306,1
2020-03-30,239.3034210205078,240.6453093626789,234.8304598799376,235.72505210805164,49159956,1
2020-03-31,245.1182861328125,245.1182861328125,241.09262084960938,244.22369384765625,48837923,0
2020-04-01,242.88185119628906,247.35481346509732,242.88185119628906,247.35481346509732,44515034,0
2020-04-06,246.4601593017578,246.46015930175784,241.5399020380204,244.2236787273317,56392754,0
2020-04-07,253.16958618164062,254.0641783589609,250.9331057383399,253.61688227030075,48787346,1
2020-04-08,254.95877075195312,255.40606684099163,253.16958639579906,254.95877075195312,37912826,1
2020-04-09,253.16958618164062,257.64254706824204,252.72229009298047,257.1952509795819,27620430,0
2020-04-10,250.03854370117188,252.2750244140625,249.59124755859375,250.48583984375,27252858,1
2020-04-13,249.1439208984375,251.82769742517112,249.1439208984375,249.1439208984375,22196596,1
2020-04-14,254.95877075195312,255.40606684099163,250.485809861568,251.38040203964502,48809688,0
2020-04-15,257.1952819824219,258.0898742675781,255.8533935546875,256.74798583984375,55216434,0
2020-04-16,256.30072021484375,258.08990499819345,253.16964684398178,253.16964684398178,47815280,1
2020-04-17,274.1924743652344,275.98165853727505,268.82492184911234,271.50869810717336,116368201,1
2020-04-20,271.9560241699219,276.42898509376926,270.61413589276765,275.5343929089998,41381669,0
2020-04-21,263.9047546386719,269.7196051646087,262.5628660557634,268.82501277600306,61479357,1
2020-04-22,263.0101318359375,263.90472412109375,259.8790588378906,263.4574279785156,42192580,1
2020-04-23,264.3520202636719,268.377685546875,263.0101318359375,268.377685546875,39474478,0
2020-04-24,263.0101318359375,265.69390869140625,263.0101318359375,264.3520202636719,26008090,0
2020-04-27,266.5884704589844,267.0357665503585,264.7992860934878,266.5884704589844,38493406,0
2020-04-28,265.2465515136719,267.0357356722801,263.45736735506364,267.0357356722801,37395165,0
2020-04-29,267.4830627441406,269.71954320186757,266.58847056104986,267.4830627441406,44059301,1
2020-04-30,272.4033203125,272.8506164049672,269.71954375769707,270.1668398501642,55126085,1
2020-05-04,263.9047546386719,265.24664322158037,263.01016225006623,263.457458444369,71581861,1
2020-05-05,264.3520202636719,266.5885009765625,263.90472412109375,265.2466125488281,23547405,0
2020-05-06,264.79925537109375,264.79925537109375,261.6681830947464,263.45736725265914,34240479,0
2020-05-07,266.1412048339844,267.48309326171875,263.4574279785156,263.4574279785156,27621198,0
2020-05-08,266.1412048339844,268.377685546875,264.79931640625,268.377685546875,32295893,1
2020-05-11,269.2722473144531,269.7195434063376,267.0357668550308,268.37765513068416,28727019,1
2020-05-12,263.9047546386719,267.0358279987917,263.9047546386719,266.141235610186,52089788,0
2020-05-13,265.6939392089844,265.6939392089844,261.6682734633937,262.1155696573482,26156418,0
2020-05-14,262.1155700683594,263.904754846983,261.66827387370347,262.1155700683594,34315948,0
2020-05-15,266.5884704589844,267.0357665503585,263.45739781936544,266.14117436761023,42494804,1
2020-05-18,259.4317321777344,262.5628048074656,259.4317321777344,260.3263243576576,84986065,1
2020-05-19,260.7736511230469,263.0101318359375,260.7736511230469,263.0101318359375,51250214,0
2020-05-20,263.0101318359375,263.0101318359375,260.32635498046875,262.11553955078125,32677994,1
2020-05-21,266.1412048339844,266.5885009765625,263.90472412109375,264.79931640625,30997468,1
2020-05-22,261.2208557128906,263.9046316277491,260.32626374127113,263.4573356419393,40192923,1
2020-05-25,261.2208557128906,262.1154476845101,258.08978381222244,259.8789677554614,26803223,0
2020-05-26,264.3520202636719,266.1412048339844,262.5628356933594,263.90472412109375,33856481,1
2020-05-27,265.2465515136719,266.5884396326281,264.35195943436776,265.69384755332396,23375959,1
2020-05-28,263.0101318359375,267.0357971191406,262.11553955078125,267.0357971191406,28444568,1
2020-05-29,261.2208557128906,261.6681516987004,259.43167176965164,261.2208557128906,79774181,1
2020-06-01,264.3520202636719,265.2466125488281,262.5628356933594,263.0101318359375,35811214,0
2020-06-02,265.2465515136719,266.141143592976,264.7992554740198,264.7992554740198,24771587,0
2020-06-03,269.2722473144531,269.2722473144531,266.5884707631463,268.37765513068416,65176337,0
2020-06-04,273.7452392578125,273.7452392578125,271.9560546875,272.85064697265625,46572451,0
2020-06-05,278.66546630859375,279.112762402187,275.53439365344104,275.98168974703424,42981262,0
2020-06-08,284.4803161621094,285.3749083512984,281.7965395945423,282.6911317837313,50302921,0
2020-06-09,285.37493896484375,285.37493896484375,280.9019775390625,283.1384582519531,36417082,1
2020-06-10,288.5059814453125,289.84786973110465,284.48031658793604,285.37490877846415,39984259,1
2020-06-11,286.71685791015625,292.53170838259314,284.9276731494065,291.18981981203075,50104255,0
2020-06-12,282.6911926269531,284.03308119954943,279.5601192908951,280.0074154817605,45992918,1
2020-06-15,276.87628173828125,284.03301923070853,275.98168955172787,282.69113095087846,51032404,1
2020-06-16,281.7965087890625,283.5856929718502,280.90191669766864,283.5856929718502,36608216,0
2020-06-17,281.7965087890625,283.5856929718502,280.4546206519717,283.1383969261533,34522968,0
2020-06-18,283.6001281738281,284.0510027814177,282.2475043510595,283.6001281738281,29044474,0
2020-06-19,283.6001281738281,283.6001281738281,281.3457551358804,283.1492535662386,48130280,0
2020-06-22,281.3456726074219,285.4035428854136,281.3456726074219,283.6000449840839,37374616,0
2020-06-23,284.0509338378906,285.4035573323568,281.7965613471137,284.95268283420137,41300084,1
2020-06-24,286.3052978515625,288.5596702755905,284.95267439714564,287.6579213059793,54147024,1
2020-06-29,281.3456726074219,284.0509194594163,279.5421747060923,283.1491705087515,56580892,1
2020-06-30,282.2474670410156,283.1492161369933,280.44396884906024,282.6983415890045,48991860,1
2020-07-01,286.3052978515625,286.7561723363681,283.1491764579232,284.0509254275344,29532342,0
2020-07-02,290.3631591796875,290.3631591796875,286.7561634134802,287.657912355032,34526178,0
2020-07-03,297.1262512207031,298.0280000863198,294.42100462385304,294.8718790566614,53341987,0
2020-07-06,304.7911376953125,304.7911376953125,299.38064412675664,299.83151859080294,57256220,0
2020-07-07,305.24200439453125,312.0051211831841,304.7911299419544,309.75074892029977,59046323,0
2020-07-08,307.49639892578125,308.8490223814665,304.34027752918234,304.34027752918234,30720218,0
2020-07-09,311.1034240722656,312.9069221828295,309.2999259617018,312.00517312754755,35522376,0
2020-07-10,314.25958251953125,318.31745374288244,311.5543350372971,317.8665791625101,60902108,0
2020-07-13,319.6700744628906,319.6700744628906,316.0630778540005,316.5139524301118,48069523,0
2020-07-14,327.7856750488281,328.23654942991317,319.6699361892973,320.12081057038233,61764150,0
2020-07-15,327.3349304199219,333.6471742572206,325.5314321806937,330.0401777787642,73438362,0
2020-07-16,322.37530517578125,325.53142704463505,318.76830875423406,323.7279288338615,68220512,0
2020-07-17,330.94183349609375,332.74533122631766,324.6295914403099,325.5313403054219,65727485,0
2020-07-20,330.0401306152344,333.6471265782424,326.8840091476024,333.6471265782424,42769238,0
2020-07-21,345.3699035644531,348.9768999463273,334.99978896656484,335.90153806203335,64219128,0
2020-07-22,346.2715759277344,348.07507371902466,341.76283144950867,343.56632924079895,43759670,0
2020-07-23,344.0172119140625,345.3698352898714,341.76283962104765,344.4680863726655,45209282,1
2020-07-24,348.0751647949219,356.1909069792594,344.4681682685496,351.68216132129413,86682734,1
2020-07-27,382.7925109863281,382.7925109863281,375.5785178464209,379.1855144163745,99333798,1
2020-07-28,392.2608642578125,420.6659613247575,386.3994950217762,418.4115885416667,166307746,1
2020-07-29,380.53814697265625,389.10476402535824,378.2837740640505,385.94864195331013,85663166,0
2020-07-30,391.3590393066406,397.67128187610257,386.3994201449205,393.613411652877,69293949,0
2020-07-31,383.6941833496094,389.5555516028937,383.6941833496094,384.14505783063123,49897674,1
2020-08-03,375.1275939941406,382.34158618633563,374.22584497011627,379.1854646022503,76429571,1
2020-08-04,383.6941833496094,383.6941833496094,377.3819406153032,380.08718750143447,41223445,0
2020-08-05,386.850341796875,390.90821251502405,384.1450946514423,388.20296536959137,47223834,1
2020-08-06,392.2608642578125,394.96611159752155,388.6538678048671,394.51523704090334,41029627,1
2020-08-07,390.4573974609375,391.35914664675954,385.94865153182735,390.9082720538485,36589460,0
2020-08-10,392.711669921875,394.51516783196394,385.4976782815191,385.4976782815191,36067500,0
2020-08-11,386.850341796875,392.26083608774036,386.850341796875,389.5555889423077,34545313,1
2020-08-12,377.8328552246094,381.8907259847782,377.8328552246094,380.53810239805523,52143474,1
2020-08-13,386.850341796875,386.850341796875,382.79247107872595,385.94859274839746,44352335,0
2020-08-14,385.0468444824219,385.948593532732,381.4398482811814,382.3415973314915,23419955,1
2020-08-17,392.2608642578125,392.2608642578125,383.69424768206716,385.0468713519217,34137731,1
2020-08-18,390.4573974609375,397.2205163546027,389.55564827511546,396.7696417616917,41643160,0
2020-08-19,385.4977111816406,393.61345246967517,385.4977111816406,393.16257795367324,31486800,1
2020-08-20,374.2257385253906,385.4975981195289,361.60125577995575,385.04672373576335,75097235,1
2020-08-21,382.7925109863281,385.0468838425491,378.7346398451303,380.0872635588629,41609467,0
2020-08-24,385.9485778808594,391.8099464701715,383.2433308396384,385.4977033739892,48375406,0
2020-08-25,391.8099365234375,393.16256000970947,388.2029405600457,390.9081875325896,35977899,0
2020-08-26,398.57305908203125,398.57305908203125,392.260816064895,392.711690566119,39243340,1
2020-08-27,400.37652587890625,408.94314073442337,400.37652587890625,403.9835216075451,53072712,1
2020-08-28,392.2608642578125,397.2204843806124,388.6538678048671,396.76960982399424,56842210,1
2020-08-31,384.595947265625,396.31868422800045,384.595947265625,394.06431173523595,81480538,1
2020-09-01,392.2608642578125,392.2608642578125,385.94862046515806,387.75211869163076,37429577,0
2020-09-02,390.4573974609375,397.6713909475137,388.20302449638245,397.6713909475137,34871407,1
2020-09-03,393.16259765625,396.3187194264263,390.9082249632669,396.3187194264263,34951617,1
2020-09-04,386.850341796875,390.00646346654645,385.04684369991986,385.04684369991986,46119911,0
2020-09-07,384.1450500488281,390.00641818337596,383.24330110505156,385.9485479363813,32019312,0
2020-09-08,388.65380859375,390.45730654546117,385.4976871782555,385.9485616661833,23714670,1
2020-09-09,385.0468444824219,385.948593532732,381.4398482811814,383.24334638180164,40551362,1
2020-09-10,392.2608642578125,392.2608642578125,388.2029932482489,390.0064914747216,35098921,0
2020-09-11,393.6134338378906,393.6134338378906,390.00643788061325,392.7116848485713,34298469,0
2020-09-14,397.6712951660156,398.573044134646,392.7116758385483,393.1625503228635,39085833,0
2020-09-15,401.27825927734375,403.0817570718487,396.31864034245524,397.2203892397077,39061449,1
2020-09-16,413.0010681152344,416.60806434331505,410.746695472684,414.8045662292747,64261238,1
2020-09-17,406.6541442871094,412.547682610111,404.840747880032,410.73428620303355,42058506,0
2020-09-18,402.5740051269531,407.56084528055277,401.6673069172077,405.2940997561893,52454922,0
2020-09-21,398.94720458984375,408.0141865123402,398.94720458984375,402.1206482627175,39463920,0
2020-09-22,396.22705078125,399.8538430080807,395.3203527245423,398.947144951373,36130639,0
2020-09-23,393.0536804199219,397.5871715435657,391.6936330828287,395.32042598174377,45710963,1
2020-09-24,383.5333251953125,388.9735142051751,383.5333251953125,385.8000706160886,79806381,1
2020-09-25,384.4400329589844,388.0668257227484,381.7199383861614,387.1601275318074,38775269,0
2020-09-28,391.2402648925781,391.2402648925781,384.89337762896736,387.16012308025694,34156973,0
2020-09-29,390.78692626953125,394.41371908873805,388.0668316551261,392.1469735767338,32230502,0
2020-09-30,392.60040283203125,394.41379961185584,390.33365685725045,390.33365685725045,27334204,0
2020-10-05,392.1470031738281,397.13384367661666,391.2403049005938,397.13384367661666,32945832,0
2020-10-06,398.493896484375,400.7606421981655,396.68049991334254,400.3072930554074,35775395,0
2020-10-07,401.6673583984375,403.4807550503492,394.4137717907908,394.4137717907908,42926239,0
2020-10-08,410.7342834472656,411.64098164472097,406.6541415587166,408.01418885489966,60853811,0
2020-10-12,417.08123779296875,418.89463447902517,414.8144919353983,415.2678411069124,64719223,1
2020-10-13,418.8946228027344,421.6147177559989,413.9077820550828,421.6147177559989,45750738,1
2020-10-14,416.1744689941406,417.98786537320007,414.3610726150812,417.5345162784352,40809241,0
2020-10-15,410.7342834472656,413.9077271383593,408.01418885489966,413.45437803963165,47775028,1
2020-10-16,407.1075439453125,413.4544321582684,406.65419478724425,408.9209405775856,46876801,1
2020-10-19,414.8144836425781,414.8144836425781,408.9209445307164,410.73434118052,34470906,1
2020-10-20,408.9208984375,414.36108777369736,408.9208984375,413.001040439648,25205638,1
2020-10-21,410.7342834472656,413.45437803963165,408.920887052355,411.1876325459933,28058921,1
2020-10-22,412.5476989746094,412.5476989746094,407.5608586573339,408.0142077770862,23438547,1
2020-10-23,409.82757568359375,415.26776474134056,409.3742265954482,415.26776474134056,18777385,0
2020-10-26,408.01434326171875,412.54783596462676,408.01434326171875,412.54783596462676,15059581,0
2020-10-27,405.2940673828125,406.6541145887951,403.9340201768299,405.7474164514734,20117660,0
2020-10-28,402.5740051269531,405.2940997561893,401.6673069172077,403.4807033366985,24710230,0
2020-10-29,396.22705078125,398.49379592301915,394.8670036961885,395.77370175289616,41285612,1
2020-10-30,391.6936340332031,396.2271251678467,391.6936340332031,396.2271251678467,47668895,1
2020-11-02,394.8670654296875,394.8670654296875,388.06682894123134,392.60031993353545,33477443,0
2020-11-03,399.8539123535156,401.6673087814227,397.133817711655,398.49386503258535,30328495,0
2020-11-04,408.01434326171875,409.37439107259115,401.6674534776476,403.02750128852,37512790,0
2020-11-05,408.9208984375,409.3742475488498,403.9340582126525,409.3742475488498,34886108,0
2020-11-06,410.281005859375,413.001100925846,408.01425997064916,412.54775174810084,30154140,0
2020-11-09,415.7210998535156,417.08114707222944,411.64095819737423,415.26775078061104,39245881,0
2020-11-10,408.9208984375,412.09434221694846,406.6541528807511,409.82759666019956,34820499,0
2020-11-11,414.361083984375,414.361083984375,406.6541491619085,406.6541491619085,36765561,0
2020-11-12,415.267822265625,420.25466292602005,414.81447311467997,419.801313775075,40100880,1
2020-11-13,418.8946228027344,418.8946228027344,413.9077820550828,416.1745278494699,31037438,1
2020-11-16,438.8419189453125,439.29526803513204,425.24144625072637,426.14814443036545,81994937,0
2020-11-17,440.2019958496094,458.78930978352696,440.2019958496094,455.16251682081133,72413868,1
2020-11-18,450.62896728515625,450.62896728515625,441.1086369903994,444.28208042198503,50387727,1
2020-11-19,444.2821960449219,452.44248127840007,444.2821960449219,452.44248127840007,44220053,0
2020-11-20,442.46875,444.2821465163935,440.6553534836066,440.6553534836066,32281453,0
2020-11-23,450.17572021484375,451.9891168723054,446.09557773555514,448.3623235573821,38084006,0
2020-11-24,446.0954895019531,453.34907469710686,445.64214042725604,452.8957256224097,35479226,0
2020-11-25,441.5619812011719,449.268915164642,441.5619812011719,448.8155661079673,41419632,0
2020-11-26,443.37542724609375,447.4555692146161,442.4687290308666,443.37542724609375,28893033,0
2020-11-27,443.37542724609375,446.0955218917753,441.1086817080258,442.015379923253,32960189,1
2020-11-30,435.66845703125,447.4555328718457,435.66845703125,447.0021838010536,119895176,1
2020-12-01,444.2821960449219,444.2821960449219,438.38865670963213,443.8288468652842,37018651,0
2020-12-02,452.4423828125,453.3490809744489,447.45554292178105,452.8957318934744,50621339,0
2020-12-03,450.62896728515625,452.89571259343165,448.8155710385359,452.89571259343165,35651379,0
2020-12-04,456.0692443847656,457.882640982717,451.0824037403994,451.9891020393751,51172005,0
2020-12-07,466.0428161621094,466.94951424802787,458.7892314747614,464.2294199902724,44271244,1
2020-12-08,475.10992431640625,476.01662264525436,461.5094493836847,466.0429410279252,40771761,1
2020-12-09,471.4830627441406,475.1098555344802,471.4830627441406,472.3897609417255,43314115,0
2020-12-10,464.2295227050781,466.9496175646782,462.4161261320114,463.32282441854477,42556926,0
2020-12-11,467.8562316894531,468.7629298128823,457.88255233173226,468.7629298128823,45660960,0
2020-12-14,460.6026916503906,465.1361827099417,460.6026916503906,464.22948449803147,30260485,1
2020-12-15,456.9759216308594,462.4161111740839,456.9759216308594,459.6960164024716,39852366,1
2020-12-16,464.2295227050781,466.9496175646782,459.69603127241135,461.50942784547806,52012348,0
2020-12-17,462.8627624511719,469.2407926424282,462.8627624511719,469.2407926424282,38215179,0
2020-12-18,464.6850891113281,466.50738357843136,461.9516474106732,462.8627946442249,39924864,1
2020-12-21,470.15191650390625,471.0630636289138,462.86273950384566,466.50732800387595,34813281,1
2020-12-22,463.7738952636719,470.15192525747483,463.7738952636719,466.5073366895874,22454277,1
2020-12-23,463.7738952636719,465.59618954761555,461.04045383775633,462.8627481217,18086715,0
2020-12-24,464.6850891113281,466.50738357843136,462.8627946442249,465.59623634487974,14950143,0
2020-12-25,465.59619140625,469.2407799886864,464.6850442606409,468.3296328430773,12327895,0
2020-12-28,469.2408142089844,469.2408142089844,463.7739309366467,466.50737257281554,19087382,1
2020-12-29,469.2408142089844,471.06310863309693,467.4185197848718,469.2408142089844,19907528,1
2020-12-30,478.3523254394531,478.3523254394531,468.3297052873884,470.15199986049106,46292401,0
2020-12-31,482.9080505371094,482.9080505371094,477.44116694612325,479.26346147645194,29970398,0
2021-01-04,488.375,492.0195895522388,481.08582089552243,482.9081156716418,38770328,0
2021-01-05,493.841796875,493.841796875,487.4637662880535,488.3749135147601,34411866,0
2021-01-06,500.2198181152344,505.68670137332435,492.93064043778105,505.68670137332435,53030554,0
2021-01-07,514.7982177734375,519.3539542139105,503.86445031630257,504.77559760439715,51166782,0
2021-01-08,528.4654541015625,528.4654541015625,520.2651280896417,528.4654541015625,59563555,0
2021-01-11,532.1098022460938,532.1098022460938,522.9983330295511,525.7317737945139,48810990,0
2021-01-12,538.4879760742188,543.9548590800483,530.2876515654743,531.1987987331125,50232426,0
2021-01-13,551.2440185546875,551.2440185546875,540.3102528974044,542.1325471736183,62662393,0
2021-01-14,539.3991088867188,543.9548446036673,534.8433731697701,534.8433731697701,75288477,0
2021-01-15,547.5994262695312,569.4669574350366,547.5994262695312,565.8223689074524,92010500,1
2021-01-18,553.0662841796875,553.9774312705931,541.221371997915,553.9774312705931,45726476,1
2021-01-19,571.289306640625,575.8450427382376,558.5332455673096,563.0889816649222,50672866,0
2021-01-20,589.5123291015625,592.2457711221261,574.9339716585563,576.756266338932,82066422,1
2021-01-21,613.201904296875,618.6687860588085,583.1340546062406,583.1340546062406,89019137,1
2021-01-22,591.3345947265625,605.9129514532574,591.3345947265625,591.3345947265625,125179403,0
2021-01-25,576.75634765625,588.6012647487164,570.3783153756912,584.9566748741114,93050133,0
2021-01-26,562.1777954101562,583.1341800040518,555.7997653163619,575.8450027540013,100153482,0
2021-01-27,560.35546875,569.4669397865854,556.7108803353658,563.0889100609756,59985191,0
2021-01-28,547.5994262695312,553.9774561928036,544.8659848738431,546.6882791376352,96447533,1
2021-01-29,538.4879760742188,564.0000967680903,538.4879760742188,564.0000967680903,90745237,1
2021-02-01,556.7110595703125,557.622206967318,534.8435220421824,542.1327012182257,67462398,0
2021-02-02,575.8450927734375,581.3119765655904,566.733619786516,573.1116508773611,78429188,0
2021-02-03,574.0227661132812,584.9565330868676,574.0227661132812,581.3119440956722,48738970,0
2021-02-04,571.289306640625,575.8450427382376,564.9112761039672,570.3781594211024,46371900,0
2021-02-05,575.8450927734375,584.0454184616668,574.9339454747453,581.3119765655904,53267273,1
2021-02-17,604.090576171875,608.6463120404412,601.3571346507352,604.090576171875,107614290,1
2021-02-18,601.3570556640625,605.9127909342448,597.7124674479167,605.0016438802083,53109010,0
2021-02-19,594.0679931640625,598.6237293079587,589.5122570201663,597.7125820791795,50279585,0
2021-02-22,592.2457275390625,603.1794948167068,592.2457275390625,601.3572002704327,36474610,0
2021-02-23,584.0453491210938,585.8676435021268,576.7561715969615,584.0453491210938,50076333,0
2021-02-24,569.4671630859375,579.48978515625,569.4671630859375,571.2894580078125,66206750,0
2021-02-25,578.5784301757812,579.4895773099164,572.2004002368357,579.4895773099164,43231417,1
2021-02-26,552.1550903320312,563.088854497022,552.1550903320312,556.7108254007774,111861175,1
2021-03-02,554.8885498046875,566.7334613768729,554.8885498046875,565.8223143328587,54041533,1
2021-03-03,566.7334594726562,566.7334594726562,547.5993716126469,554.8885479402695,48252965,1
2021-03-04,547.5994262695312,556.7108975884919,547.5994262695312,554.8886033246997,67711962,0
2021-03-05,547.5994262695312,551.2440147971155,532.1099250272982,535.7545135548825,79918467,0
2021-03-08,544.8660278320312,555.7997942768211,544.8660278320312,553.9774998693562,43219772,1
2021-03-09,542.132568359375,542.132568359375,533.0210966222427,533.0210966222427,68768861,1
2021-03-10,543.9549560546875,547.5995453749869,540.310366734388,547.5995453749869,40146301,0
2021-03-11,554.8885498046875,557.6219909367303,542.1324911884877,543.0436382325021,54416046,0
2021-03-12,559.4443969726562,563.0889858780156,554.8886608409571,560.3555441989961,33168846,0
2021-03-15,556.7110595703125,559.4445017613288,554.8887647763016,559.4445017613288,27416758,1
2021-03-16,558.5331420898438,558.5331420898438,553.0662597855386,555.7997009376912,36949425,1
2021-03-17,552.586669921875,559.9056986625621,550.7569127367033,559.9056986625621,39517807,0
2021-03-18,550.7568359375,557.1609851925872,550.7568359375,554.4163497975499,29415526,0
2021-03-19,540.6931762695312,547.0973255654478,540.6931762695312,543.4378116820669,70866028,0
2021-03-22,542.522705078125,547.0970955088005,536.1185584751792,537.9483146474494,34089033,0
2021-03-23,543.4378051757812,551.6717113148082,542.5229267158894,546.1824405554569,29374037,1
2021-03-24,526.9699096679688,532.4591795603435,522.3955180909899,522.3955180909899,107253959,1
2021-03-25,526.0552978515625,531.5445705247962,521.4809039572011,523.3106615149457,67833354,0
2021-03-26,539.7783203125,541.6080773305084,530.6295352224577,532.4592922404661,36829858,1
2021-03-29,548.0122680664062,550.756903799627,545.2676323331855,548.0122680664062,37884733,1
2021-03-30,546.1825561523438,548.9271921129083,541.6081628847362,548.9271921129083,33099123,1
2021-03-31,537.0335693359375,546.1823524592073,537.0335693359375,545.2674741468803,38790886,1
2021-04-01,550.7568359375,550.7568359375,543.4378082174004,547.0973220774501,43091157,1
2021-04-07,558.075927734375,561.7354420146004,556.2461705942623,561.7354420146004,24603109,1
2021-04-08,560.8203735351562,560.8203735351562,551.6715909326251,554.4162257133845,23976625,0
2021-04-09,558.075927734375,565.3949562948258,557.1610491643187,565.3949562948258,27303862,0
2021-04-12,553.5013427734375,560.8203687935821,551.6715862684014,559.9054905410641,22606128,1
2021-04-13,553.5013427734375,560.8203687935821,552.5864645209194,552.5864645209194,25971622,1
2021-04-14,559.905517578125,559.905517578125,548.9269780177697,556.2460043913399,30077913,1
2021-04-15,566.3097534179688,566.3097534179688,555.331212156231,559.9056043486218,33530942,1
2021-04-16,558.075927734375,558.9908063044313,551.6717777439806,558.075927734375,48507383,0
2021-04-19,551.6716918945312,555.3312056052744,549.8419350391597,553.5014487499028,24231637,0
2021-04-20,550.7568359375,550.7568359375,544.3526866824128,547.0973220774501,34771635,1
2021-04-21,541.60791015625,548.012057742557,541.60791015625,548.012057742557,38458220,1
2021-04-22,540.6931762695312,547.0973255654478,540.6931762695312,545.2675686237574,33868521,0
2021-04-23,550.7568359375,550.7568359375,539.7782943573505,541.6080512873755,27754511,1
2021-04-26,558.075927734375,558.075927734375,551.6717777439806,553.5015348840932,30887664,1
2021-04-27,558.075927734375,558.9908063044313,553.5015348840932,556.2461705942623,26317481,0
2021-04-28,550.7568359375,556.2461067275748,549.8419574724876,554.4163497975499,24024054,0
2021-04-29,548.9269409179688,557.1608450317383,548.9269409179688,557.1608450317383,31828333,0
2021-05-03,537.9486083984375,546.1825156698421,537.9486083984375,544.3527584984189,41762441,0
2021-05-04,540.6931762695312,543.4378116820669,532.4592700319242,537.9485408569956,40273595,1
2021-05-05,535.2037963867188,543.4377009465144,535.2037963867188,543.4377009465144,29254785,1
2021-05-06,537.0335693359375,539.7782042729184,530.6294211496486,539.7782042729184,30725590,1
2021-05-07,548.0122680664062,548.9271466441465,538.8634822890039,543.437875177705,28075722,1
2021-05-10,538.8633422851562,546.1823690054979,537.9484639451135,545.2674906654552,20434079,0
2021-05-11,522.3956298828125,530.6295364834173,521.4807513716343,529.714657972239,59349193,0
2021-05-12,512.3318481445312,522.3955094473703,473.9069595336914,518.7359962463379,131741482,1
2021-05-13,500.4383850097656,515.0764364908556,494.94911570435687,500.4383850097656,66765627,1
2021-05-14,509.5872497558594,514.1616415849066,505.0128579268122,508.67237139004993,37533726,0
2021-05-17,502.2681884765625,510.5020932056865,494.94916205067454,497.69379696038254,56270958,0
2021-05-18,523.310546875,524.2254254534528,507.7576110413024,515.0766396689248,43689316,0
2021-05-19,518.7360229492188,523.3104146859844,516.9062662545125,522.3955363386312,28908777,0
2021-05-20,518.7360229492188,522.3955363386312,512.3318745177469,518.7360229492188,29709287,0
2021-05-21,524.2252807617188,527.8847940654655,519.6508891320353,523.3104024357821,27376731,0
2021-05-24,519.6509399414062,523.3104536029655,517.8211831106266,521.4806967721859,15629736,0
2021-05-25,533.3741455078125,534.2890239735206,524.2253608507317,526.9699962478559,33039911,0
2021-05-26,535.2037963867188,537.948431239984,531.5442832490318,537.0335529555622,18703987,0
2021-05-27,532.4593505859375,532.4593505859375,524.2254431026498,530.6295933674292,62169719,0
2021-05-28,539.7783203125,541.6080773305084,532.4592922404661,537.0336847854873,29086873,1
2021-05-31,546.1825561523438,546.1825561523438,539.7784055776932,544.3527988453008,30657474,1
2021-06-01,547.0972290039062,548.0121073132774,544.352594075793,547.0972290039062,17818326,0
2021-06-02,544.3526611328125,548.9270532431723,542.5229042886687,548.9270532431723,21872755,0
2021-06-03,545.2675170898438,548.9270306273595,545.2675170898438,548.9270306273595,21077164,0
2021-06-04,544.3526611328125,544.3526611328125,539.7782690224527,540.6931474445247,15756180,0
2021-06-07,541.60791015625,544.3525448360958,533.3740061167124,543.4376666094806,17077625,0
2021-06-08,538.8633422851562,544.3526123254125,537.9484639451135,539.778220625199,13396324,1
2021-06-09,536.1187744140625,537.9485313233255,533.374139050168,536.1187744140625,20023490,1
2021-06-10,548.0122680664062,548.0122680664062,537.0337251335234,540.6932394444843,28527745,0
2021-06-11,550.7568359375,551.6717144025125,548.9270790074751,550.7568359375,24227710,0
2021-06-15,557.160888671875,557.160888671875,554.4162537523091,555.331132058831,26012250,0
2021-06-16,553.5013427734375,556.2459775309917,553.5013427734375,556.2459775309917,25856919,1
2021-06-17,556.716796875,556.716796875,549.3674002165842,552.12342396349,22872361,1
2021-06-18,553.9608764648438,558.554250233209,552.1235269574977,558.554250233209,32652017,0
2021-06-21,535.5873413085938,545.6927628427181,535.5873413085938,542.0180641030365,44279632,1
2021-06-22,530.993896484375,540.1806420982915,530.993896484375,537.4246184141166,27823974,1
2021-06-23,546.6113891601562,549.3674129710478,533.749944709329,535.58729391659,34392376,1
2021-06-24,542.0181274414062,549.3675257795949,540.1807778568591,549.3675257795949,16524230,1
2021-06-25,542.9368286132812,549.367552471645,541.0994789394631,549.367552471645,18841696,0
2021-06-28,542.0181274414062,542.0181274414062,538.343428272312,542.0181274414062,15028407,0
2021-06-29,546.6113891601562,549.3674129710478,542.9366907456342,549.3674129710478,28659610,1
2021-06-30,546.6113891601562,550.2860875746783,546.6113891601562,550.2860875746783,24883853,1
2021-07-01,544.7738647460938,548.4485619787824,542.9365161297494,547.5298876706103,18250994,1
2021-07-02,540.1806030273438,544.773975502066,539.2619285323993,542.0179520172327,18322419,1
2021-07-05,542.9368286132812,548.4488776347359,540.1808041025539,540.1808041025539,28836816,0
2021-07-06,543.8552856445312,547.5299835205078,541.0992622375488,546.6113090515137,12997112,1
2021-07-07,545.6927490234375,545.6927490234375,540.1807010535039,542.018050376815,16966158,1
2021-07-08,540.1806030273438,546.611324491955,540.1806030273438,546.611324491955,21140426,1
2021-07-09,536.5057983398438,537.4244726520694,532.8311010909407,534.6684497153922,29029415,1
2021-07-12,544.7738647460938,548.4485619787824,542.0178418215772,546.6112133624381,31304547,0
2021-07-13,557.6354370117188,558.5541115372735,550.2860408072809,551.2047153328357,52540315,0
2021-07-14,563.1474609375,564.9848099128262,558.5540884991843,563.1474609375,38418875,1
2021-07-15,564.0661010742188,564.0661010742188,558.554054483917,563.1474266425017,22012834,1
2021-07-16,541.099365234375,546.6114130975435,540.1806905905136,542.9367145220978,57970545,1
2021-07-19,534.6686401367188,536.5059894155391,530.9939415790781,535.5873147761289,40644341,1
2021-07-20,533.7499389648438,536.5059627460736,531.9125897773572,531.9125897773572,15354333,0
2021-07-21,537.4244995117188,538.3431738698584,532.8311277210203,538.3431738698584,25828732,1
2021-07-22,542.9368286132812,545.6928531240086,539.2621292656448,541.0994789394631,26058172,1
2021-07-23,537.4244995117188,543.8552200186965,535.5871507954394,543.8552200186965,15271451,1
2021-07-26,532.8312377929688,542.9366578200768,532.8312377929688,542.9366578200768,21619179,1
2021-07-27,532.8312377929688,536.5059359846445,532.8312377929688,533.7499123408877,17785992,0
2021-07-28,531.9124145507812,531.9124145507812,526.4003688041411,529.1563916774612,36158305,0
2021-07-29,535.5873413085938,537.4246906784346,530.0752931990713,537.4246906784346,23224896,1
2021-07-30,532.8312377929688,534.6685868888065,530.993888697131,533.7499123408877,18999281,1
2021-08-02,542.0181274414062,542.0181274414062,532.8313795186706,535.5874038954913,23482491,1
2021-08-03,545.6927490234375,545.6927490234375,542.018050376815,545.6927490234375,22747702,1
2021-08-04,547.5299682617188,549.367317148503,545.6926193749345,549.367317148503,20313271,0
2021-08-05,547.5299682617188,549.367317148503,544.7739449315424,549.367317148503,15116242,1
2021-08-06,542.9368286132812,547.5302027978267,540.1808041025539,547.5302027978267,13687213,1
2021-08-09,546.6113891601562,546.6113891601562,535.58729391659,542.0180161420036,17390951,1
2021-08-10,542.9368286132812,547.5302027978267,541.0994789394631,547.5302027978267,17190865,0
2021-08-11,542.0181274414062,542.0181274414062,537.4247534800385,542.0181274414062,19969687,0
2021-08-12,538.3432006835938,540.1805494913876,536.5058518758,538.3432006835938,15444622,1
2021-08-13,533.7499389648438,537.4246373398169,531.9125897773572,537.4246373398169,22524428,1
2021-08-16,536.5057983398438,538.3431469642952,530.9937524664891,534.6684497153922,19315705,1
2021-08-17,536.5057983398438,536.5057983398438,536.5057983398438,536.5057983398438,0,1
2021-08-18,527.3192138671875,528.2378884558063,519.9698171582372,521.8071663354748,43716164,0
2021-08-19,513.5391235351562,526.4005684895251,513.5391235351562,526.4005684895251,38868947,1
2021-08-20,507.1083679199219,517.2137882951376,506.18969334035677,514.4577645564425,45614061,1
2021-08-23,519.9696655273438,525.4817114516619,513.5389452823059,514.4576196030256,33685159,0
2021-08-24,525.48193359375,528.2379577209899,524.5632588846701,527.31928301191,24844800,0
2021-08-25,537.4244995117188,537.4244995117188,527.3190815721821,531.9124533628806,27504657,0
2021-08-26,545.6927490234375,553.9608209783381,542.9367250384706,552.1234716550268,43822008,0
2021-08-27,550.2861328125,551.2048074916528,544.7740847375835,547.5301087750418,27105651,0
2021-08-30,555.798095703125,555.798095703125,550.2860484730114,553.0420720880682,36575609,0
2021-08-31,564.0661010742188,564.0661010742188,549.3673101667472,554.8793567570491,52721470,0
2021-09-01,563.1474609375,564.0661354251631,558.5540884991843,564.0661354251631,30092045,0
2021-09-02,557.6354370117188,564.9848332161565,557.6354370117188,563.1474841650471,24112463,0
2021-09-03,569.5781860351562,569.5781860351562,560.3914410991054,560.3914410991054,51562454,1
2021-09-06,579.6835327148438,586.1142533630274,570.4967889317242,572.334137688348,55589014,1
2021-09-07,572.3341064453125,582.4395240551013,572.3341064453125,582.4395240551013,26526056,0
2021-09-08,568.65966796875,576.009065939267,562.2289447445477,571.4156922076938,37817737,0
2021-09-09,568.65966796875,569.5783427150647,560.3915952519184,562.2289447445477,18735512,0
2021-09-10,571.4154663085938,572.3341406917266,564.0660712435315,564.9847456266642,16304725,0
2021-09-13,564.9846801757812,569.5780515593242,563.147331622364,568.6593772826155,15198774,0
2021-09-14,563.1474609375,567.7408333758157,562.2287864498369,567.7408333758157,14441901,0
2021-09-15,557.6354370117188,563.1474841650471,557.6354370117188,560.3914605883829,23433501,0
2021-09-16,553.713134765625,560.1731213378906,552.7902795410156,556.4817004394531,22467022,0
2021-09-17,553.713134765625,562.9416870117187,552.7902795410156,553.713134765625,40717715,1
2021-09-22,540.7932739257812,543.561840174548,538.0247076770145,540.7932739257812,40642293,1
2021-09-23,542.6390380859375,547.2533156206819,542.6390380859375,542.6390380859375,21696296,0
2021-09-24,551.8675537109375,551.8675537109375,544.484710183032,545.4075656240202,16736973,1
2021-09-27,555.55908203125,555.55908203125,547.2533814693211,553.7133707952659,19464241,1
2021-09-28,548.17626953125,550.0219808764731,546.3305581860269,549.0991252038615,16707080,0
2021-09-29,535.2562255859375,538.0247922700026,532.4876589018724,535.2562255859375,49310524,0
2021-09-30,535.2562255859375,539.8705033927129,530.6419477791621,535.2562255859375,30465107,0
2021-10-01,529.7191162109375,534.3333942267122,526.9505494014727,534.3333942267122,36704493,0
2021-10-04,527.8734741210938,530.6420412930576,525.1049069491299,529.7191855690696,20957803,0
2021-10-05,527.8734741210938,527.8734741210938,516.7992054332386,518.6449168812145,33824024,1
2021-10-06,526.950439453125,529.7190056849278,521.4133069895195,528.7961502743268,32508846,1
2021-10-07,535.2562255859375,537.1019367086476,527.873381095097,530.6419477791621,27933054,1
2021-10-08,530.6420288085938,538.0248744268004,528.7963174040422,537.1020187245244,18279079,0
2021-10-12,530.6420288085938,530.6420288085938,520.4906160835598,526.0277502972147,26522907,0
2021-10-13,526.950439453125,530.6418610955287,526.027584042524,527.873294863726,18914374,1
2021-10-14,528.79638671875,534.3335216582134,528.79638671875,534.3335216582134,13916927,1
2021-10-15,553.713134765625,553.713134765625,540.7931616210938,546.33029296875,53150216,1
2021-10-18,544.4849243164062,557.4049055713718,544.4849243164062,557.4049055713718,19158568,1
2021-10-19,553.713134765625,553.713134765625,547.2531481933594,551.8674243164062,17386359,0
2021-10-20,551.8675537109375,557.4046863568667,550.9446982699493,556.4818309158785,16372520,0
2021-10-21,550.0218505859375,556.4818387639602,549.0989951319343,555.5589833099571,16169014,1
2021-10-22,553.713134765625,555.5588452148437,548.1760034179688,553.713134765625,13995403,1
2021-10-25,547.253173828125,550.9445948994783,544.48460802461,550.9445948994783,16785568,1
2021-10-26,552.79052734375,553.7133829820534,547.2533935139294,549.0991047905363,19998808,1
2021-10-27,552.79052734375,552.79052734375,548.1762491522329,551.8676717054466,14961858,1
2021-10-28,549.0990600585938,551.8676267479648,545.407637806099,551.8676267479648,16570044,0
2021-10-29,544.4849243164062,550.022059139963,543.5620685124802,549.0992033360368,25763960,0
2021-11-01,544.4849243164062,547.2534917281846,544.4849243164062,545.4077801203324,16089351,0
2021-11-02,546.3304443359375,550.9447217374235,544.4847333753431,548.1761552965319,15192404,0
2021-11-03,546.3304443359375,550.9447217374235,546.3304443359375,550.9447217374235,10224009,1
2021-11-04,541.7161865234375,548.1761751191174,539.8704754961004,546.3304640917802,17932145,1
2021-11-05,553.713134765625,553.713134765625,549.0988586425781,551.8674243164062,33270827,0
2021-11-08,555.55908203125,555.55908203125,551.8676595592816,553.7133707952659,19752355,1
2021-11-09,563.86474609375,569.4018794432794,562.9418905354951,563.86474609375,39538660,1
2021-11-10,564.78759765625,564.78759765625,561.0961754493464,563.8647421045241,16027674,0
2021-11-11,559.25048828125,559.25048828125,553.7133547339109,553.7133547339109,18463848,1
2021-11-12,557.4048461914062,563.8648361307106,555.5591347801765,562.9419804250957,15821327,1
2021-11-15,561.0961303710938,563.8646968038458,560.1732748935096,562.0189858486777,15551452,0
2021-11-16,562.9419555664062,564.7876668961322,561.0962442366804,564.7876668961322,20917108,0
2021-11-17,562.9419555664062,567.556233890721,561.0962442366804,567.556233890721,19717852,0
2021-11-18,565.7103881835938,566.633243629244,560.1732555096924,565.7103881835938,20030651,1
2021-11-19,570.3247680664062,574.939046125196,569.4019124546484,574.016190513438,35554348,1
2021-11-22,567.5559692382812,570.3245349418827,567.5559692382812,570.3245349418827,20312168,0
2021-11-23,564.78759765625,567.5561643114277,563.8647421045241,567.5561643114277,19431694,0
2021-11-24,556.4819946289062,564.787696041278,555.5591389164206,564.787696041278,20391940,0
2021-11-25,556.4819946289062,560.1734174788493,554.6362832039348,558.3277060538778,11888265,0
2021-11-26,550.0218505859375,554.6361278559538,546.3304287699245,551.867561493944,26588102,1
2021-11-29,547.253173828125,551.8674501673166,545.4074632924484,548.1760290959633,23379558,1
2021-11-30,550.0218505859375,553.7132724019505,545.4075733159212,550.9447060399408,62021697,0
2021-12-01,553.713134765625,556.4817004394531,548.1760034179688,550.0217138671875,21403404,1
2021-12-02,567.5559692382812,567.5559692382812,555.558851189342,558.3274168929433,45125742,1
2021-12-03,561.0961303710938,566.6332632365979,559.2504194159256,566.6332632365979,23045832,1
2021-12-06,553.713134765625,562.0188317871093,553.713134765625,556.4817004394531,23589363,1
2021-12-07,560.1732788085938,560.1732788085938,550.9447239682545,555.5590013884241,18606530,0
2021-12-08,555.55908203125,566.6333494471553,555.55908203125,566.6333494471553,20801543,1
2021-12-09,561.0961303710938,561.0961303710938,555.5589975055896,559.2504194159256,11039070,1
2021-12-10,558.3275756835938,561.0961421745868,555.5590091926008,558.3275756835938,10497451,0
2021-12-13,554.6361694335938,562.9418691422499,554.6361694335938,562.0190136190658,17711657,0
2021-12-14,552.79052734375,553.7133829820534,550.9448160671432,551.8676717054466,22579034,1
2021-12-15,553.713134765625,554.6359899902344,550.0217138671875,550.9445690917969,21827730,1
2021-12-16,560.8983764648438,560.8983764648438,557.1899574468944,560.8983764648438,21809022,1
2021-12-17,562.7525634765625,562.7525634765625,555.335725737168,557.1899351720166,24105733,1
2021-12-20,554.4086303710938,562.752572968652,554.4086303710938,562.752572968652,21381070,1
2021-12-21,553.4816284179688,556.262943133637,551.6274186075233,553.4816284179688,17001461,1
2021-12-22,556.2626953125,557.1897998046875,554.408486328125,554.408486328125,9831802,0
2021-12-23,561.8255615234375,563.6797712974422,558.117141975428,562.7526664104399,16654439,0
2021-12-24,559.9713745117188,564.6068991351601,559.9713745117188,561.8255843610954,11059689,0
2021-12-27,561.8255615234375,565.533981071447,559.9713517494328,559.9713517494328,16259872,0
2021-12-28,570.1692504882812,570.1692504882812,565.5337281265879,565.5337281265879,33892718,0
2021-12-29,571.0965576171875,573.8778720211674,569.2423480145343,570.169452815861,24518766,1
2021-12-30,570.1692504882812,574.8047728499746,570.1692504882812,573.8776683776359,19681276,1
2022-01-03,585.0030517578125,585.9301564357171,572.9506909450525,573.8777956229571,69089158,1
2022-01-04,608.1806640625,608.1806640625,597.0554080125762,597.9825126834032,79434666,1
2022-01-05,602.6181640625,620.2331565504808,598.9097445913462,620.2331565504808,69593809,0
2022-01-06,597.055419921875,598.9096293005144,589.6385824073176,591.4927917859569,53210211,1
2022-01-07,587.7843627929688,598.909618871069,585.9301534466186,596.128304851544,38249908,1
2022-01-10,596.1283569335938,597.9825664419409,581.294680866817,582.2217856209905,38289770,0
2022-01-11,603.545166015625,603.545166015625,592.419909499208,598.9096424671179,33196585,0
2022-01-12,611.8890380859375,611.8890380859375,602.6179920543324,609.107724276456,38860063,0
2022-01-13,612.8162841796875,613.7433889969034,607.2536552763924,610.0349697280399,38137411,0
2022-01-14,623.0143432617188,623.9414479391916,612.816191809518,623.9414479391916,95200777,1
2022-01-17,633.2125854492188,637.8481095008235,628.5770613976139,635.0667950698606,59614236,1
2022-01-18,613.7434692382812,631.358463068383,613.7434692382812,628.5771482531038,43593330,0
2022-01-19,606.3265991210938,611.8892284708285,603.5452844462263,604.4723893378488,40381333,0
2022-01-20,603.545166015625,609.1077942738335,598.9096424671179,602.6180613059236,46474584,0
2022-01-21,594.2741088867188,598.909632356974,590.5656901105147,597.0554229688719,49577684,0
2022-01-24,605.3993530273438,607.2535623781166,590.5656782211607,592.4198875719336,47134502,0
2022-01-25,594.2741088867188,597.982527662923,591.4927948045656,596.1283182748209,52318736,0
2022-01-26,589.6387329101562,594.274257539953,588.7116279841969,588.7116279841969,29957189,0
2022-02-07,588.7115478515625,597.0554910494586,585.0031286524976,597.0554910494586,56836469,1
2022-02-08,582.2218017578125,597.9825830155877,582.2218017578125,597.9825830155877,39718217,1
2022-02-09,586.8573608398438,590.5657801816437,584.0760463334938,588.7115705107437,30048791,1
2022-02-10,601.6909790039062,601.6909790039062,590.5657220731715,592.4199315616272,34587133,1
2022-02-11,602.6181640625,602.6181640625,595.2013251201923,598.9097445913462,26723278,0
2022-02-14,590.5657348632812,594.2741539205075,588.7115253346681,593.3470491562009,27826382,1
2022-02-15,586.8573608398438,592.4199898525437,586.8573608398438,586.8573608398438,21970460,1
2022-02-16,598.9096069335938,598.9096069335938,593.346979005418,597.9825022788978,25191741,1
2022-02-17,597.9826049804688,598.9097097943919,594.2741857247759,597.0555001665455,18135080,1
2022-02-18,590.5657348632812,592.4199443918943,589.6386300989747,591.4928396275878,20804191,0
2022-02-21,585.9302368164062,589.6386560367632,585.9302368164062,586.8573416214955,23797502,0
2022-02-22,581.294677734375,584.0759919819078,579.4404682360197,582.2217824835526,34086593,0
2022-02-23,579.4406127929688,583.1490327148438,577.5864028320312,578.5135078125,31953054,0
2022-02-24,559.9713745117188,573.8779483820429,559.9713745117188,572.9508434573546,73663161,0
2022-02-25,559.9713745117188,564.6068991351601,556.2629548129656,556.2629548129656,89012516,0
2022-03-01,559.9713745117188,565.5340040598484,555.3358498882774,555.3358498882774,66720867,0
2022-03-02,557.18994140625,560.8983603174397,556.2628366784526,557.18994140625,40693457,0
2022-03-03,558.1171264648438,562.7526507710302,557.1900216036065,559.044231326081,33792420,0
2022-03-04,551.6273803710938,553.4815900530134,548.8460658482143,551.6273803710938,55917115,0
2022-03-07,534.0122680664062,538.6477912267048,533.0851634343464,537.7206865946451,86496560,1
2022-03-08,521.9598999023438,528.4496322279501,520.1056906664562,520.1056906664562,79029914,1
2022-03-09,526.5955200195312,531.2310439633652,525.6684152307645,525.6684152307645,52155415,1
2022-03-10,544.2105102539062,546.064719828877,539.5749863164795,542.3563006789356,45630467,1
2022-03-11,533.0853271484375,539.5750615658967,532.1582222316575,538.6479566491168,38943098,0
2022-03-14,530.3040771484375,534.9396022983365,530.3040771484375,532.158287208397,33919577,1
2022-03-15,517.3245849609375,521.9601099157846,517.3245849609375,521.0330049248151,74092231,1
2022-03-16,519.8867797851562,526.4086569509199,517.0916895712576,525.4769602129536,43438327,1
2022-03-17,542.2473754882812,543.1790720097388,535.7254998380786,538.5205894024512,60959900,1
2022-03-18,541.315673828125,542.2473703407379,536.6571912650603,542.2473703407379,46242430,0
2022-03-21,545.9740600585938,548.7691491032623,543.1789710139252,543.1789710139252,21400273,0
2022-03-22,543.1790161132812,545.9741053900219,537.5888375597998,537.5888375597998,20246949,0
2022-03-23,549.7009887695312,549.7009887695312,545.9742024049921,549.7009887695312,25902069,0
2022-03-24,550.6326293945312,551.5643258909687,545.0424504159066,546.9058434087815,20060758,1
2022-03-25,557.154541015625,557.154541015625,554.359451344978,556.2228444587427,26122381,1
2022-03-28,544.1107177734375,545.9741106425246,540.3839320352632,541.3156284698068,26391576,1
2022-03-29,548.769287109375,548.769287109375,544.1108041967318,545.974197361789,14892032,1
2022-03-30,559.0177612304688,559.0177612304688,556.2226724243164,558.0860649617513,41230239,1
2022-03-31,556.2228393554688,560.8813220971393,553.4277497104664,560.8813220971393,22700114,0
2022-04-01,548.769287109375,548.769287109375,544.1108041967318,545.0425007792604,29732696,0
2022-04-06,538.5206298828125,540.384023065798,535.7255401083343,538.5206298828125,37645873,0
2022-04-07,527.340087890625,533.861961769131,527.340087890625,531.998569232415,42904743,0
2022-04-08,528.2719116210938,531.0670011005705,527.3402151279348,528.2719116210938,28024587,1
2022-04-11,519.8867797851562,527.3403536888861,519.8867797851562,524.5452634749875,36820094,1
2022-04-12,518.9549560546875,525.476831624495,514.2964735048249,516.15986652477,30671407,1
2022-04-13,533.8621215820312,536.6572112238221,524.5451561093955,525.476852656659,35865970,1
2022-04-14,533.8621215820312,538.5206043183491,533.8621215820312,537.5889077710856,19056590,0
2022-04-15,523.6134033203125,527.3401891090691,522.6817068731233,523.6134033203125,28253360,1
2022-04-18,522.681640625,527.340122270499,519.8865516377004,520.8182479668003,15800959,1
2022-04-19,526.4085083007812,530.1352942002558,524.5451153510439,527.3402047756499,16614705,1
2022-04-20,531.0669555664062,531.0669555664062,523.6133842602111,531.0669555664062,27606307,1
2022-04-21,526.4085083007812,531.9986871499931,526.4085083007812,531.9986871499931,18383650,0
2022-04-22,519.8867797851562,520.8184765231225,518.95508304719,519.8867797851562,29283846,0
2022-04-25,509.6379699707031,514.2964523287534,508.7062734990931,512.4330593855333,43389591,0
2022-04-26,508.7061767578125,513.3646582299536,506.84278416895603,512.4329619355254,35825421,1
2022-04-27,490.072265625,495.6624435598859,490.072265625,493.79905091492395,55941533,1
2022-04-28,494.7308349609375,495.6625314486229,487.27726305945447,493.7991384732521,45380836,0
2022-04-29,501.25262451171875,509.637891464517,498.45753552745265,509.637891464517,36664644,0
2022-05-03,494.7308349609375,503.11610335010596,493.7991384732521,501.25271037473516,26317509,0
2022-05-04,497.52593994140625,500.3210294916389,493.79915387442946,496.59424342466207,16569622,1
2022-05-05,504.9794616699219,506.8428545174124,502.18437239868615,505.9111580936671,20374772,1
2022-05-06,491.9355773925781,494.7306659004905,490.07218505396986,491.9355773925781,32467268,0
2022-05-09,484.482177734375,488.2089637169471,484.482177734375,487.27726722130404,23709774,0
2022-05-10,482.6188049316406,483.5505014662577,470.5067499816187,471.4384465162358,41679907,0
2022-05-11,485.4137878417969,490.07226949095036,482.61869885230476,482.61869885230476,27157254,1
2022-05-12,470.5066833496094,482.6187365843518,470.5066833496094,480.7553437790068,32532963,1
2022-05-13,476.09686279296875,478.8919520070175,471.43838076955416,472.37007717423705,29074177,0
2022-05-16,484.482177734375,488.2089637169471,482.61878474308895,485.413874230018,21163106,0
2022-05-17,493.79913330078125,496.5942227345593,484.48216852152126,485.41386499944724,24496974,1
2022-05-18,501.25262451171875,504.0477134959848,497.52583919936393,504.0477134959848,30568176,1
2022-05-19,486.3455505371094,491.0040328219476,484.4821576231741,487.277246994077,29019751,0
2022-05-20,493.79913330078125,495.66252625663327,487.27725795529926,488.20895443322524,22651205,0
2022-05-23,491.9355773925781,497.52575440840286,491.9355773925781,496.59405823909873,17054170,0
2022-05-24,484.482177734375,494.7308391864483,484.482177734375,493.7991426908053,17802308,0
2022-05-25,488.208984375,492.8674670503339,484.4821982347328,486.3455913048664,22176476,1
2022-05-26,478.8919372558594,489.14059739168516,477.96024087987524,487.27720463971684,28327403,1
2022-05-27,493.79913330078125,493.79913330078125,486.3455614773733,488.20895443322524,27866643,0
2022-05-30,509.6379699707031,509.6379699707031,500.3210052546025,501.2527017262126,34476433,1
2022-05-31,521.75,521.75,503.1160714285714,504.97946428571424,72405873,1
2022-06-01,511.5014343261719,517.0916139362939,510.56973772448487,512.4331309278589,29155176,0
2022-06-02,503.1160583496094,507.774540371365,503.1160583496094,506.8428439670139,21420890,0
2022-06-06,503.1160583496094,506.8428439670139,501.2526655409071,504.0477547539605,17615003,0
2022-06-07,498.4576110839844,501.252700491932,495.6625216760368,498.45761108398443,19497532,0
2022-06-08,506.8428649902344,507.7745614332311,501.25268633225386,502.1843827752506,18835521,0
2022-06-09,504.0477294921875,504.979425849844,500.32094406156136,501.25264041921787,16338602,0
2022-06-10,493.79913330078125,496.5942227345593,492.86743682285527,493.79913330078125,21357130,0
2022-06-13,480.75537109375,483.55046046057413,479.82367463814194,482.61876400496607,32854092,0
2022-06-14,477.9603271484375,478.89202369258646,472.3701478835435,472.3701478835435,36304444,0
2022-06-15,474.2334899902344,479.82366865416645,473.30179354624573,473.30179354624573,35680283,0
2022-06-16,475.8728332519531,483.3668936181256,474.93607570618155,482.43013607235406,26909199,0
2022-06-17,469.31549072265625,471.18900565568083,467.4419757896317,467.9103545228878,43566737,0
2022-06-20,466.5052185058594,470.2522483733763,463.6949461052217,468.37873343961786,34209693,0
2022-06-21,473.0625915527344,473.0625915527344,467.4420459105237,469.3155611245939,33223685,0
2022-06-22,463.2265625,471.189000884732,463.2265625,469.31548597067746,31034893,1
2022-06-23,454.7957763671875,462.2898365338971,454.32739760676816,460.88470025263905,43548940,1
2022-06-24,455.7325134277344,461.35305830043,454.7957559489518,458.5427858640822,27911980,0
2022-06-27,466.9736633300781,473.99934532601713,464.16339053170253,464.6317693314318,37909718,1
2022-06-28,466.0368347167969,468.37872835858985,464.6316985317211,464.6316985317211,15274062,1
2022-06-29,459.9479675292969,466.9736493143676,459.9479675292969,464.6317553860107,30533789,0
2022-06-30,445.89654541015625,455.73249861773326,445.89654541015625,453.8589837210519,46311432,0
2022-07-01,424.81951904296875,444.0230474671824,423.8827615588608,441.6811537569124,61744377,0
2022-07-04,412.1733093261719,422.9460208199241,412.1733093261719,414.9835818897594,52445919,0
2022-07-05,417.7939147949219,422.94608190562155,405.6160652605407,421.0725665926399,50084244,1
2022-07-06,407.9578552246094,419.1989442319465,407.4894765159703,414.04677843691695,40549763,1
2022-07-07,428.5665588378906,429.9716950963755,410.7681662304154,414.0468175002135,48151202,0
2022-07-08,437.4658203125,440.74447207073075,432.31365326385173,440.27609324812636,37897895,0
2022-07-11,432.78204345703125,440.7444836505048,431.84528578721086,438.40258947595373,21941710,0
2022-07-12,421.072509765625,429.0349487712041,421.072509765625,429.0349487712041,23036423,0
2022-07-13,440.74432373046875,443.08621705528526,436.528915745799,440.74432373046875,44035695,0
2022-07-14,444.9598083496094,447.30170207776524,433.71871845446134,436.52899092824833,31936258,1
2022-07-15,461.3531188964844,462.75825529921474,446.8333760682701,450.58040647555123,51846909,1
2022-07-18,464.16339111328125,466.973663915178,457.6060879088555,464.16339111328125,39179575,0
2022-07-19,459.9479675292969,461.8214826719824,455.73255845825446,456.6693160295972,19874865,0
2022-07-20,463.6949768066406,471.18903703785907,460.4163254554826,470.2522795089568,35436652,0
2022-07-21,469.31549072265625,469.31549072265625,462.7581884570703,464.63170339009486,22285593,1
2022-07-22,471.1890563964844,473.06257153126165,468.37878369431843,473.06257153126165,25216400,1
2022-07-25,467.9103698730469,471.18902111339855,466.5052336271819,468.37874862166854,15245346,1
2022-07-26,463.6949768066406,467.91038568670103,459.94794669103146,467.91038568670103,18024265,1
2022-07-27,470.2522888183594,470.2522888183594,459.9479557964432,462.75822843878393,17166365,0
2022-07-28,469.31549072265625,476.80955045475457,467.4419757896317,476.80955045475457,33844011,1
2022-07-29,476.8095397949219,477.74629724049146,472.1257525670739,475.87278234935224,29045617,1
2022-08-01,472.125732421875,475.87276204427087,468.3787027994792,473.99924723307294,24117969,1
2022-08-02,460.8847351074219,464.6317654741489,457.6060835365357,462.7582502907854,39838155,1
2022-08-03,469.31549072265625,469.31549072265625,461.821430990558,462.7581884570703,27603474,0
2022-08-04,468.3787841796875,471.1890568847656,463.6949963378906,467.4420266113281,26027618,1
2022-08-05,483.3668518066406,483.3668518066406,474.9360346239667,476.80954955344976,32784279,1
2022-08-08,479.61981201171875,482.4300843477249,476.8095396757126,477.746297121048,19333128,0
2022-08-09,477.7463073730469,478.68306483848426,472.1257625804228,474.93603497673485,21164373,1
2022-08-10,468.3787841796875,471.1890568847656,467.9104053955078,468.3787841796875,20861380,1
2022-08-11,481.49334716796875,481.49334716796875,477.74631722891843,480.5565896832062,23740033,0
2022-08-12,484.3036193847656,485.2403768690688,481.49334693185597,482.43010441615917,19535923,0
2022-08-15,489.9242248535156,490.86098245361796,486.1771944531063,487.11395205320866,21273166,0
2022-08-16,491.7977294921875,492.7344870721726,489.9242143322172,492.7344870721726,20720414,1
2022-08-17,493.67120361328125,493.67120361328125,488.0506586006063,490.8609311069438,27143102,1
2022-08-18,487.1138916015625,488.0506490854117,486.17713411771336,487.1138916015625,17831084,0
2022-08-19,486.1770935058594,489.92412312825525,484.3035786946615,486.1770935058594,14022812,0
2022-08-22,479.61981201171875,481.4933269023895,477.746297121048,478.68305456638336,11494000,1
2022-08-23,472.125732421875,473.99924723307294,470.2522176106771,471.18897501627606,19191108,1
2022-08-24,471.1890563964844,475.87284423342754,471.1890563964844,472.125813963873,14363212,0
2022-08-25,475.8728332519531,477.7463483434962,472.12580306886684,473.0625606146384,9357138,1
2022-08-26,479.61981201171875,482.4300843477249,478.68305456638336,480.55656945705414,12914846,1
2022-08-29,466.9736633300781,470.252314928183,464.6317693314318,465.56852693089036,26590824,1
2022-08-30,464.6317443847656,468.37877458141696,464.6317443847656,466.0368807085099,24214535,1
2022-08-31,473.0625915527344,473.0625915527344,460.88474266127787,460.88474266127787,39357089,1
2022-09-01,459.4795227050781,464.16330988861614,459.01114398672433,463.69493117026235,39168672,0
2022-09-02,454.3273620605469,458.5427705745107,454.3273620605469,457.13763440318945,29982959,0
2022-09-05,455.26422119140625,457.13773650495114,453.39070587786136,454.3274635346338,15903415,0
2022-09-06,458.0744323730469,460.41632619908495,455.7325385470088,457.60605360783927,16700285,1
2022-09-07,442.61785888671875,447.7700244398975,442.14948020006614,446.83326706659227,34678562,1
2022-09-08,444.9598083496094,444.9598083496094,442.1495358758224,443.0862933670847,27931552,0
2022-09-12,455.7325134277344,459.94792208225607,454.3273772095605,454.3273772095605,21597212,1
2022-09-13,461.82147216796875,463.69498726804164,459.94795706789586,463.69498726804164,16507036,1
2022-09-14,449.64361572265625,451.9855095545451,445.8965855916341,448.23847942352296,22645714,0
2022-09-15,448.93701171875,452.2345553515215,448.4659340569255,448.4659340569255,23104850,0
2022-09-16,444.6973571777344,444.6973571777344,441.87089092448605,443.2841240511102,39087513,1
2022-09-19,439.986572265625,445.6395046716073,439.51549456512646,444.6973492706103,17182380,1
2022-09-20,448.93701171875,450.3502447042235,442.81300211503145,443.28407977685595,19842582,1
2022-09-21,443.7550964355469,447.9947948091349,441.39970845022015,446.11048442087355,24154633,0
2022-09-22,437.631103515625,440.92864681445104,432.449249760327,435.275715445035,29702508,0
2022-09-23,428.6806335449219,433.8624873570033,428.6806335449219,431.9781768798828,29757787,0
2022-09-26,420.6723327636719,427.7384973677649,417.3747892817618,417.3747892817618,32342267,0
2022-09-27,422.0856018066406,425.383145570755,420.20129108428955,423.02775716781616,24961404,0
2022-09-28,412.6639709472656,423.02767798018783,412.6639709472656,421.1433676105656,34402652,0
2022-09-29,409.8375549316406,417.84587497053474,407.01108903556036,417.37479732118805,41094780,0
2022-09-30,397.5895080566406,402.77136183463,397.5895080566406,399.9448961375449,48266800,1
2022-10-03,392.878662109375,399.9448250969537,392.40758457686974,394.29189470689073,36044395,1
2022-10-04,404.1845703125,407.01103583916085,402.3002599613928,404.6556479002768,40375000,0
2022-10-05,419.2590637207031,424.9119949169373,416.432598122586,418.78798612101696,46496536,1
2022-10-06,424.9120178222656,424.9120178222656,421.14339682162466,424.4409401971855,30331834,1
2022-10-07,412.6639709472656,422.5566003877823,411.7218157624545,422.5566003877823,31941781,1
2022-10-11,378.2752990722656,388.6390058961633,377.8042214893612,384.3993076500234,95793819,1
2022-10-12,374.5066833496094,376.8620712952044,372.62237299313335,374.03560576049034,53570085,1
2022-10-13,372.1513366699219,379.68857893159117,372.1513366699219,377.33319072481953,38046284,1
2022-10-14,388.16796875,391.93658980582524,385.34150295813106,390.52335690989077,54504366,1
2022-10-17,374.03564453125,380.1596538245828,373.09348925535267,376.86211035894206,41512192,1
2022-10-18,383.4572448730469,383.4572448730469,376.39107942698337,382.9861671766426,40093216,1
2022-10-19,372.6224060058594,381.5728809920937,372.6224060058594,380.6307257303848,46385177,0
2022-10-20,374.5066833496094,374.5066833496094,363.6718987998722,368.3826746910623,52938069,0
2022-10-21,366.969482421875,375.44887996178994,366.969482421875,372.6224141151516,35923505,0
2022-10-24,364.6140441894531,374.5066732953685,364.6140441894531,372.1512854130077,46714078,1
2022-10-25,349.53961181640625,360.3743976274269,349.53961181640625,358.0190094076398,76416687,1
2022-10-26,354.25042724609375,357.0768934209296,348.59749489642206,349.068572592228,58850484,0
2022-10-27,363.2008361816406,366.49837944139614,360.37437053042163,362.25868096456765,45684455,0
2022-10-28,357.5479431152344,359.9033314098011,353.30824418501425,357.5479431152344,40184472,0
2022-10-31,367.4405212402344,367.4405212402344,358.96112459622896,363.6719005095653,38409054,0
2022-11-01,368.853759765625,370.2669925616619,363.67190618015644,366.02729417355124,41426496,1
2022-11-02,372.1513366699219,372.1513366699219,366.02732733231556,368.38271553908726,22535650,1
2022-11-03,361.7876281738281,364.61409401893616,361.31655053297675,362.72978345553076,39731333,1
2022-11-04,359.9032897949219,362.2586778171399,356.6057465638166,358.96113458603463,28397417,1
2022-11-07,367.4405212402344,370.2669867882362,364.61405569223257,367.4405212402344,35387706,0
2022-11-08,375.9199523925781,376.3910300271553,371.2091760468065,372.1513313159608,31838223,0
2022-11-09,392.878662109375,392.878662109375,380.1595687317334,380.1595687317334,52260831,1
2022-11-10,383.92828369140625,387.69690488101514,382.5150507453029,385.3415166375096,32044942,1
2022-11-11,415.9615783691406,416.4326560343378,409.8375687215768,415.9615783691406,80016195,0
2022-11-14,419.2590637207031,423.969839717565,415.96152052289983,423.969839717565,61933190,0
2022-11-15,452.2345275878906,458.8296144485474,435.27573280334474,438.10219860076904,113379796,1
2022-11-16,458.8295593261719,465.4246453945152,453.64770598675926,463.069257512964,85726375,1
2022-11-17,456.9453125,456.9453125,447.52375966494844,454.58992429123714,45144984,0
2022-11-18,458.8295593261719,465.4246453945152,457.8874041735514,463.069257512964,35859717,1
2022-11-21,454.1188049316406,461.1849689087927,452.7055721362102,459.30065851488547,29710180,1
2022-11-22,462.5982666015625,462.5982666015625,448.4659366646512,448.4659366646512,37343127,0
2022-11-23,463.5404052734375,467.3090264545224,460.24286173998826,465.8957935116155,33475337,0
2022-11-24,467.30902099609375,467.30902099609375,463.54039985902847,465.4247104275611,27396552,1
2022-11-25,469.1932678222656,469.1932678222656,465.4246471971872,465.4246471971872,39949969,1
2022-11-28,452.70562744140625,461.65610290590854,452.70562744140625,457.88748165769704,38926919,1
2022-11-29,458.8295593261719,459.7717144787923,445.6393871894852,446.1104647657954,38182197,0
2022-11-30,461.6561279296875,461.6561279296875,454.5899627062739,455.06104038783485,57111603,1
2022-12-01,469.6643981933594,478.6148731840051,469.6643981933594,476.73056265965863,41746878,1
2022-12-02,464.0115051269531,468.25120415857,461.6561167760549,461.6561167760549,28319679,0
2022-12-05,460.71392822265625,468.7222480383875,460.71392822265625,463.06931640375365,28360444,0
2022-12-06,450.3502502441406,460.7139589317673,450.3502502441406,459.7718035965285,40561068,0
2022-12-07,447.5237121582031,457.4163415848581,447.5237121582031,449.40802252518506,36563503,1
2022-12-08,444.2261962890625,447.5237396337321,439.9864977030587,447.5237396337321,27238567,1
2022-12-09,453.6477966308594,456.47426265348156,448.4659422560521,450.3502529378002,25915337,0
2022-12-12,447.5237121582031,450.350177708676,446.1104793829667,448.9369449334396,20973334,0
2022-12-13,444.2261962890625,448.4658948750663,443.7551186683954,445.6394291510637,33272826,0
2022-12-14,452.70562744140625,452.70562744140625,444.69730728895684,444.69730728895684,30636639,1
2022-12-15,455.3114318847656,456.2590103070024,449.62596135134504,451.0473289847002,24222008,1
2022-12-16,446.3094177246094,446.3094177246094,441.09773662591437,442.0453150074953,47601400,0
2022-12-19,442.04534912109375,444.88808448521655,440.6239814390324,442.04534912109375,21075559,1
2022-12-20,433.5171203613281,442.5191152103612,431.1481743484247,440.6239584000384,31139235,1
2022-12-21,434.9385070800781,438.7288208672684,433.04335018648305,435.8860855268757,36182644,1
2022-12-22,443.4666442871094,444.41422258686816,439.6763310880743,442.0452768374712,14047382,1
2022-12-23,431.1481628417969,434.46468717134917,431.1481628417969,433.5171087914771,24927413,1
2022-12-26,432.56951904296875,433.04330822045284,429.72678397806425,430.20057315554834,8793306,0
2022-12-27,433.0433044433594,438.25498535022695,433.0433044433594,433.9908827900626,10264001,0
2022-12-28,427.3578796386719,428.30545808576426,422.61998740320985,427.3578796386719,32578949,1
2022-12-29,422.6199951171875,425.93651974254664,419.3034704918284,420.7248381884109,23020759,1
2022-12-30,424.9888610839844,432.56948736864854,424.9888610839844,431.148119940274,21683478,0
2023-01-03,429.2530212402344,429.7268104469013,419.7772371068959,422.61997234689744,14885824,1
2023-01-04,425.9364929199219,431.1481741458609,424.9889145152057,425.9364929199219,19188422,1
2023-01-05,434.4647521972656,435.41233071896085,431.1482273713323,434.93854145811326,23549581,0
2023-01-06,434.4647521972656,435.41233071896085,431.1482273713323,431.1482273713323,20886011,0
2023-01-09,455.78521728515625,455.78521728515625,442.99290869191384,443.46669789907094,46666263,0
2023-01-10,460.5231628417969,461.4707413661627,457.68042726869936,460.5231628417969,32646014,0
2023-01-11,459.1016845703125,462.41820860745617,456.7327388294956,461.4706303111294,21051115,0
2023-01-12,460.996826171875,462.4181935701439,458.62788050809354,461.9444044373876,20963689,0
2023-01-13,473.7892150878906,482.31742095947266,472.84163665771484,480.4222640991211,77606949,0
2023-01-16,478.527099609375,481.3698348545792,476.63194277923884,479.47467802444305,34373918,1
2023-01-17,476.6319274902344,477.57950587490683,473.31540314388087,477.57950587490683,27770329,1
2023-01-30,514.53515625,514.53515625,506.0069492403315,513.5875776933701,124428936,1
2023-01-31,494.63592529296875,509.79717970807894,493.68834689202436,508.84960130713455,72530854,1
2023-02-01,502.2165222167969,505.0592572482127,494.63589546635467,504.1116789044074,33710990,1
2023-02-02,511.6922912597656,513.587447894061,508.84955630832246,509.7971346254702,43077053,1
2023-02-03,513.5874633789062,513.5874633789062,507.901993304601,511.69230668747116,31635865,0
2023-02-06,498.4261779785156,505.0592259744275,498.4261779785156,504.1116476892972,30870136,1
2023-02-07,495.5835266113281,500.3214188351458,494.6359481665646,496.53110505609163,23481767,1
2023-02-08,511.6922912597656,511.6922912597656,506.00682135687936,509.7971346254702,35096191,0
2023-02-09,511.6922912597656,511.6922912597656,507.90197799117476,511.6922912597656,18861972,0
2023-02-10,516.43017578125,517.3777540854358,512.6398625645069,515.4825974770642,28495684,0
2023-02-13,512.639892578125,515.4826276571164,509.79715749913356,515.4826276571164,22768977,1
2023-02-14,516.43017578125,517.3777540854358,514.5350191728785,515.4825974770642,21883297,1
2023-02-15,497.4786682128906,504.1117171223959,494.63593296595985,498.4262466285343,61796793,0
2023-02-16,500.32135009765625,503.1640850413929,496.5310368393407,500.32135009765625,29975138,0
2023-02-17,490.845703125,496.53117458976834,488.9505459700772,496.53117458976834,28121975,0
2023-02-20,489.89801025390625,491.7931669666873,484.21254011556306,487.0552751847346,20065156,0
2023-02-21,488.950439453125,489.89801782415816,486.1077043400254,488.0028610820918,13504100,1
2023-02-22,480.4222717285156,482.3174286189634,478.5271148380678,479.47469328329174,24575245,1
2023-02-23,490.845703125,493.68843885738414,483.26507450530886,485.16023166023166,25376835,1
2023-02-24,484.2125549316406,497.47865232702804,484.2125549316406,496.5310739416432,41692491,1
2023-03-01,494.63592529296875,494.63592529296875,477.5795140759698,477.5795140759698,39560848,0
2023-03-02,491.79315185546875,492.7407301827433,488.00283854637075,491.79315185546875,16558784,0
2023-03-03,488.950439453125,497.47864479242367,488.950439453125,496.5310664213905,23253895,0
2023-03-06,493.6883239746094,496.53105904548045,489.8980105467813,492.74074561765235,21922085,1
2023-03-07,496.5311584472656,498.42631554057584,491.7932657139902,493.6884228073004,24861078,1
2023-03-08,493.6883239746094,495.5834806885234,490.8455889037383,493.6883239746094,24512408,0
2023-03-09,494.63592529296875,498.4262388967463,494.63592529296875,497.47866049580193,21557577,0
2023-03-10,486.1077880859375,488.95052368877924,484.21263101737634,488.00294515449866,24045605,0
2023-03-13,488.950439453125,490.8455961951914,482.3173908558927,486.1077043400254,21466947,0
2023-03-14,483.2649841308594,487.05529773188573,483.2649841308594,484.21256253111596,20474770,0
2023-03-15,484.2125549316406,488.9504468585647,483.2649765462558,488.0028684731799,23208597,1
2023-03-16,481.1161193847656,485.87964531926826,480.1634141978651,481.1161193847656,21965994,1
2023-03-17,493.5013122558594,493.5013122558594,488.7377860757835,491.59590178382905,33118483,0
2023-03-20,487.78497314453125,493.5012032985687,485.8795630931854,492.5484982728958,11837312,0
2023-03-21,492.5485534667969,492.5485534667969,487.78502780464214,490.64314320193495,18284799,0
2023-03-22,507.7917785644531,507.7917785644531,499.21743333540985,499.21743333540985,42385987,0
2023-03-23,512.555419921875,513.5081251633654,503.02836750697026,503.02836750697026,26728246,1
2023-03-24,513.5081176757812,513.5081176757812,509.69729676538583,510.6500019929847,21926240,1
2023-03-27,505.88641357421875,510.64993912576506,505.88641357421875,507.7918237948373,16111177,1
2023-03-28,500.1701965332031,504.93372221447174,499.2174913969494,500.1701965332031,17234120,1
2023-03-29,504.9336853027344,507.7918005025612,500.17015996968973,507.7918005025612,17280749,1
2023-03-30,509.6972351074219,511.6026453321225,505.8864146580206,510.6499402197722,19201564,1
2023-03-31,507.7917785644531,512.5553036916994,506.8390735390039,512.5553036916994,23558838,0
2023-04-06,504.9336853027344,505.88639036934336,501.12286503629866,504.93368530273443,25423363,0
2023-04-07,505.88641357421875,509.6972340154558,503.9810033536002,509.6972340154558,8557482,1
2023-04-10,503.9810485839844,507.79186936722806,503.0283433881734,507.79186936722806,7435151,1
2023-04-11,499.2175598144531,502.07567561491754,497.31214928081016,497.31214928081016,22675697,0
2023-04-12,495.4066467285156,499.2174670879657,492.548531458928,498.2647619981032,23816473,1
2023-04-13,485.879638671875,492.54857488894,485.879638671875,490.6431645412071,25536889,1
2023-04-14,491.5958251953125,495.40664554566376,488.737709932549,491.5958251953125,18072504,1
2023-04-17,495.4066467285156,495.4066467285156,489.6904161893404,494.4539416386531,14634287,1
2023-04-18,490.64312744140625,495.4066529505461,489.6904223395783,493.50124274689017,15168888,0
2023-04-19,485.879638671875,493.5012800628064,484.9269334980086,492.54857488894,21123233,0
2023-04-20,488.73779296875,491.59590871710526,485.87967722039474,487.78508771929825,17221961,1
2023-04-21,486.8323059082031,495.4066518048251,485.87960080857846,495.4066518048251,25016683,1
2023-04-24,483.0215148925781,485.8796303653153,480.163399419841,481.11610457742006,16886512,0
2023-04-25,474.4471435546875,481.1160793074642,474.4471435546875,480.16337419992465,36898412,1
2023-04-26,468.2545471191406,474.923482683401,467.7781945788363,474.4471301430967,31269245,1
2023-04-27,470.1600341796875,471.589092034337,465.872860615739,467.778271088605,29537148,0
2023-04-28,478.25799560546875,478.25799560546875,474.44717492335343,474.92352750861784,24824100,0
2023-05-02,477.3052673339844,478.2579724584035,473.0180942740983,476.35256220956524,15325791,0
2023-05-03,472.541748046875,474.4471583212576,471.5890429096837,472.541748046875,11369311,0
2023-05-04,474.4471435546875,475.8762012159968,472.5417333396084,473.49443844714796,13140291,0
2023-05-05,476.3525695800781,478.2579798583984,474.9235118713379,476.3525695800781,7488897,0
2023-05-08,480.1633605957031,484.92688599843825,478.25795043460903,484.92688599843825,11243634,1
2023-05-09,485.879638671875,485.879638671875,481.11611280254294,483.02152315027575,16197743,1
2023-05-10,479.2106628417969,483.97418831736144,476.3525475564581,483.97418831736144,18859212,0
2023-05-11,475.3998107910156,482.0687460125329,474.923458275193,482.0687460125329,13382927,0
2023-05-12,472.541748046875,476.35256859564015,471.5890429096837,472.541748046875,18465362,1
2023-05-15,472.0653991699219,475.8762197484883,471.11269402528023,473.4944568868843,13315766,1
2023-05-16,481.1161193847656,483.9742349454672,476.352593450263,479.21070901096454,21140315,0
2023-05-17,494.4539489746094,496.359359182604,482.0687826226442,483.97419283063886,41406763,1
2023-05-18,504.9336853027344,510.649915702388,501.12286503629866,507.7918005025612,43096277,1
2023-05-19,506.8391418457031,509.69725730723906,503.9810263841672,509.69725730723906,32099068,0
2023-05-22,505.88641357421875,507.7918237948373,503.9810033536002,506.83911868452805,17208135,0
2023-05-23,504.9336853027344,505.88639036934336,500.17015996968973,504.93368530273443,19588873,1
2023-05-24,500.1701965332031,503.02831194196426,499.2174913969494,502.07560680571055,19086681,1
2023-05-25,517.31884765625,519.2242577765309,511.60261729540747,516.3661425961095,63827245,1
2023-05-26,539.23095703125,541.1363667734099,536.3728424180101,541.1363667734099,95808471,1
2023-05-29,541.1365356445312,546.8527666548608,537.3257149709782,546.8527666548608,54657853,0
2023-05-30,539.23095703125,541.1363667734099,536.3728424180101,539.23095703125,40136130,0
2023-05-31,531.609619140625,535.4204407832101,524.940681266101,533.5150299619175,81176782,1
2023-06-01,524.9405517578125,527.7986672846246,523.9878465822085,523.9878465822085,24477529,1
2023-06-02,535.4202880859375,537.3256983638234,530.6567623912227,532.5621726691087,30206141,0
2023-06-05,528.75146484375,533.5149915540541,528.75146484375,533.5149915540541,16827391,0
2023-06-06,533.5148315429688,535.4202416556221,526.8458961486816,527.7986012050084,20228086,1
2023-06-07,541.1365356445312,541.1365356445312,533.5148942974251,534.4675994658135,27604813,1
2023-06-08,532.5621337890625,541.1364794135734,528.7513135115021,535.4202489972328,23080195,1
2023-06-09,538.2784423828125,539.2311475905697,534.4676215517837,534.4676215517837,19091713,0
2023-06-12,546.852783203125,546.852783203125,543.9946676114711,546.852783203125,26392389,0
2023-06-13,564.9541625976562,565.9068677622391,561.1433419393247,564.9541625976562,56174363,0
2023-06-14,562.0961303710938,563.0488356768075,559.2380144539526,562.0961303710938,23583314,1
2023-06-15,565.685302734375,567.5996354001427,561.8566374028394,564.728136401491,27392154,1
2023-06-16,563.7709350585938,564.7281013320379,558.9851036913731,564.7281013320379,38128802,0
2023-06-19,558.0278930664062,559.9422254611452,557.0707268690368,558.0278930664062,14346885,0
2023-06-20,558.0278930664062,559.9422254611452,554.1992282769284,554.1992282769284,16221413,0
2023-06-21,556.113525390625,559.9421899372041,553.2420269806906,557.0706915272698,21703937,0
2023-06-26,549.4134521484375,553.2421173202036,549.4134521484375,551.3277847343206,27142262,1
2023-06-27,547.4991455078125,550.3706445227136,544.6276464929114,545.5848128312117,21501718,1
2023-06-28,549.4134521484375,554.1992836131452,546.5419532696129,554.1992836131452,18175426,0
2023-06-29,548.4562377929688,555.1564012564082,545.5847391657804,553.2420688382826,16937929,0
2023-06-30,551.3277587890625,551.3277587890625,543.6704288058811,545.5847613016764,22654976,0
2023-07-03,554.1991577148438,555.1563237903443,551.327659488342,553.2419916393432,14785585,1
2023-07-04,559.9421997070312,559.9421997070312,555.1563689403046,559.9421997070312,17219541,1
2023-07-05,557.0707397460938,563.7709032825588,554.1992410876087,563.7709032825588,14913592,0
2023-07-06,540.7988891601562,549.4133847396986,540.7988891601562,548.4562185641938,28564891,0
2023-07-07,540.7988891601562,547.4990523886892,538.8845568091468,540.7988891601562,18796190,1
2023-07-10,540.7988891601562,548.4562185641938,540.7988891601562,542.7132215111657,18454982,1
2023-07-11,552.284912109375,552.284912109375,545.584748530925,549.4134134328964,17850636,0
2023-07-12,553.2420654296875,553.2420654296875,547.4990682106942,549.4134006170253,15588228,0
2023-07-13,559.9421997070312,564.728030473758,559.9421997070312,561.856532013722,25442137,0
2023-07-14,565.685302734375,565.685302734375,561.8566374028394,563.7709700686072,23121873,1
2023-07-17,565.685302734375,565.685302734375,561.8566374028394,562.8138037357234,13807834,1
2023-07-18,556.113525390625,562.8136883471385,555.1563592539802,561.8565222104937,20932006,0
2023-07-19,556.113525390625,561.8565222104937,554.1991931173354,558.9850238005594,22499123,0
2023-07-20,554.1991577148438,558.9849880923467,553.2419916393432,555.1563237903443,15108109,1
2023-07-21,536.0131225585938,538.8846214294433,533.1416236877441,536.0131225585938,46711021,1
2023-07-24,534.0988159179688,538.8846476018215,533.1416495811982,533.1416495811982,25268835,1
2023-07-25,544.6275634765625,544.6275634765625,536.970233937349,536.970233937349,19590349,1
2023-07-26,541.7559814453125,546.5418116700944,538.8844833104433,544.6274795801817,13314305,0
2023-07-27,544.6275634765625,545.5847296689642,541.7560648993574,545.5847296689642,12200358,0
2023-07-28,542.7132568359375,548.4562542627729,540.7989243603257,544.6275893115493,18540078,0
2023-07-31,540.7988891601562,550.3705509152032,536.0130582826328,550.3705509152032,24208467,1
2023-08-01,542.7132568359375,543.6704230737435,539.8417581225199,540.7989243603257,16259643,1
2023-08-02,536.97021484375,544.6275441106841,534.0987163686498,542.7132117939506,25583234,0
2023-08-04,530.2700805664062,536.0130778288583,528.3557481455889,532.1844129872236,26279173,0
2023-08-07,534.0988159179688,536.9703149282803,532.1844832444276,534.0988159179688,14369551,0
2023-08-08,528.3557739257812,534.0987714684528,527.3986076686693,534.0987714684528,19010690,0
2023-08-09,530.2700805664062,533.1415791976323,526.4414157247716,526.4414157247716,14389090,0
2023-08-10,527.3986206054688,530.2701194472409,526.4414543248781,528.3557868860595,17892615,0
2023-08-11,522.6127319335938,534.0987260420244,522.6127319335938,532.1843936906193,17608427,1
2023-08-14,517.826904296875,519.7412366602646,513.9982395700958,516.8697381151802,20939030,1
2023-08-15,518.7840576171875,521.6555560910833,516.869725301257,519.7412237751528,14066307,0
2023-08-16,518.7840576171875,519.7412237751528,513.0410606693957,517.8268914592222,28269840,1
2023-08-17,520.6983642578125,522.6126964793486,513.9982014824362,516.8696998147403,22843138,1
2023-08-18,515.9126586914062,520.6984904046847,515.9126586914062,516.8698250340619,17592345,1
2023-08-21,513.9981689453125,520.6983312965549,511.12667079478,520.6983312965549,16633821,1
2023-08-22,517.826904296875,520.6984028419594,514.9554057517906,520.6984028419594,14594304,0
2023-08-23,528.3557739257812,528.3557739257812,520.6984438688859,522.6127763831097,20636332,1
2023-08-24,539.841796875,539.841796875,534.0987990359042,538.884630568484,23280827,1
2023-08-25,522.6127319335938,527.3985628121065,522.6127319335938,525.4842304607014,24144537,1
2023-08-28,525.4841918945312,529.3128563163493,523.5698596836222,523.5698596836222,8991985,0
2023-08-29,528.3557739257812,529.3129401828932,522.6127763831097,527.3986076686693,10516678,1
2023-08-30,531.2273559570312,536.0131879926802,530.2701895499015,534.0988551784206,15117416,1
2023-08-31,525.4841918945312,532.1843546327129,524.5270257890768,529.3128563163493,40431378,1
2023-09-01,524.5271606445312,529.3129924022368,519.7413288868256,519.7413288868256,13669766,1
2023-09-04,533.1416015625,533.1416015625,525.4842715580116,525.4842715580116,9531157,1
2023-09-05,528.3557739257812,531.2272726971171,526.4414414115574,529.3129401828932,12220686,0
2023-09-06,526.44140625,532.1844034090909,526.44140625,532.1844034090909,14067008,0
2023-09-07,518.7840576171875,524.5270545649793,518.7840576171875,522.6127222490487,20717005,0
2023-09-08,515.9126586914062,516.8698250340619,512.0839933207836,512.0839933207836,15283568,1
2023-09-11,513.041259765625,516.8699258832789,513.041259765625,515.9127593538655,14631968,1
2023-09-12,520.6983642578125,521.6555303685806,513.0410353716682,513.0410353716682,16028336,0
2023-09-13,517.826904296875,524.5270675687384,517.826904296875,521.6555690236542,16191392,0
2023-09-14,529.3768920898438,529.3768920898438,522.6393680087003,523.6018714488637,17144287,1
2023-09-15,537.0769653320312,537.0769653320312,526.4894265889267,528.4144336331275,42517441,1
2023-09-18,519.7518310546875,528.4143615722656,519.7518310546875,527.4518581814236,36684692,0
2023-09-19,517.826904296875,522.6394219948013,517.826904296875,518.7894078364602,18901683,0
2023-09-20,514.9393310546875,517.8268413222838,514.9393310546875,515.9018344772196,24635567,0
2023-09-21,507.2394714355469,511.08948639900456,506.27696769468247,510.12698265814015,32012694,1
2023-09-22,502.4268798828125,505.3143906867367,502.4268798828125,503.3893834841206,29049309,1
2023-09-25,505.31439208984375,509.16440650576635,502.42688127790177,502.42688127790177,17116402,1
2023-09-26,499.539306640625,504.3518240456406,499.539306640625,501.46431360263125,26392692,1
2023-09-27,502.4268798828125,503.3893834841206,496.65185827496407,497.61436187627214,16846401,1
2023-09-28,503.3893127441406,505.3143196762406,500.50180234599065,503.3893127441406,19733331,1
2023-10-02,513.0144653320312,513.9769690193334,508.2019468955206,510.1269542701249,25427911,1
2023-10-03,509.164306640625,513.0143203014237,508.20180322542535,508.20180322542535,14490129,1
2023-10-04,500.5018310546875,503.3893416184645,499.5393275334285,501.4643345759465,28358964,1
2023-10-05,508.2018737792969,509.1643773281213,503.3893560351747,503.3893560351747,24945684,0
2023-10-06,512.0519409179688,513.0144445663108,509.16442997294257,510.12693362128465,15336587,0
2023-10-11,523.6019287109375,523.6019287109375,519.7519145292395,521.6769216200885,46639969,1
2023-10-12,529.3768920898438,529.3768920898438,523.6018714488637,524.564374889027,34161176,1
2023-10-13,532.2644653320312,533.226968885977,527.4519475623023,529.3769546701939,31123496,1
2023-10-16,524.564453125,526.4894602924312,521.6769423738532,525.5269567087156,19875676,1
2023-10-17,530.3395385742188,531.3020422739905,527.4520274749036,529.3770348744471,18364998,1
2023-10-18,519.7518310546875,528.4143615722656,519.7518310546875,528.4143615722656,26418940,1
2023-10-19,525.5269165039062,527.4519235240671,519.7518954434238,519.7518954434238,22881262,1
2023-10-20,535.1520385742188,535.1520385742188,525.5270019092148,528.414512908716,45984177,1
2023-10-23,523.6019287109375,532.2644606197581,522.639425165513,531.3019570743336,22747367,0
2023-10-24,523.6019287109375,525.5269358017865,519.7519145292395,522.639425165513,15007814,0
2023-10-25,523.6019287109375,530.3394535289091,523.6019287109375,523.6019287109375,16526355,0
2023-10-26,511.0894470214844,514.9394616883128,510.1269433547772,510.1269433547772,28188348,0
2023-10-27,513.0144653320312,515.9019763939376,512.0519616447291,513.9769690193334,15679643,0
2023-10-30,512.0519409179688,513.9769482146528,508.20192632460055,511.08943726962667,21404842,0
2023-10-31,509.164306640625,514.939327131823,507.23929981022565,514.939327131823,25667058,1
2023-11-01,508.2018737792969,513.014391523419,507.23937023047245,513.014391523419,13603347,1
2023-11-02,526.4893798828125,526.4893798828125,514.9393386422389,515.9018420789533,29401438,0
2023-11-03,528.4144897460938,528.4144897460938,524.5644752488545,526.4894824974741,15426176,0
2023-11-06,529.3768920898438,535.1519127308239,529.3768920898438,532.2644024103338,29215201,0
2023-11-07,534.1895141601562,534.1895141601562,529.3769960145693,531.3020032728041,14777790,0
2023-11-08,535.1520385742188,536.1145422407192,529.3770165752164,529.3770165752164,15314834,0
2023-11-09,536.1144409179688,536.1144409179688,530.3394200104143,530.3394200104143,13165684,0
2023-11-10,536.1144409179688,536.1144409179688,533.2269304641916,534.189433948784,12994933,0
2023-11-13,549.5895385742188,558.2520707058615,549.5895385742188,557.2895671356789,43866014,0
2023-11-14,550.5519409179688,554.4019544908217,549.5894375247556,554.4019544908217,21568576,0
2023-11-15,559.2145385742188,561.139545591686,553.4395175218172,561.139545591686,50305088,1
2023-11-16,561.1395874023438,561.1395874023438,556.3270695000938,559.2145802414437,28291435,1
2023-11-17,558.2520751953125,561.1395859290814,557.2895716173896,557.2895716173896,22031704,1
2023-11-20,555.3645629882812,557.2895701390206,553.439555837542,554.4020594129116,22010114,1
2023-11-21,563.0646362304688,563.0646362304688,559.2146216237646,560.1771252754406,35921706,1
2023-11-22,555.3645629882812,557.2895701390206,552.4770522621724,554.4020594129116,21969125,0
2023-11-23,556.3270263671875,556.3270263671875,552.4770123438851,552.4770123438851,14486134,0
2023-11-24,553.4395751953125,556.3270860224185,552.4770715862771,555.3645824133831,10058969,1
2023-11-27,546.7020874023438,555.3646204773809,546.7020874023438,551.5146057773644,18528520,1
2023-11-28,553.4395751953125,554.4020788043479,543.8145391049592,543.8145391049592,26343906,0
2023-11-29,552.47705078125,557.2895686451982,548.6270364900914,556.3270650724086,24868842,0
2023-11-30,555.3645629882812,555.3645629882812,548.6270379606938,554.4020594129116,47192647,1
2023-12-01,557.2894897460938,557.2894897460938,551.5144691269633,551.5144691269633,28051165,1
2023-12-04,552.47705078125,560.177079363567,549.5895400628812,560.177079363567,26847171,0
2023-12-05,548.6270751953125,550.5520824766995,545.7395642732318,549.589578836006,22229723,0
2023-12-06,548.6270751953125,553.4395933987802,546.7020679139255,546.7020679139255,21518089,1
2023-12-07,544.7769775390625,551.5145019962594,544.7769775390625,548.6269915146036,20840397,1
2023-12-08,548.6270751953125,555.3646006801672,548.6270751953125,552.4770897580865,33507214,0
2023-12-11,552.47705078125,553.4395543540396,548.6270364900914,550.5520436356708,27378610,0
2023-12-12,556.3270263671875,559.2145368846642,553.4395158497107,558.2520333788386,29403010,0
2023-12-13,555.3645629882812,557.2895701390206,554.4020594129116,554.4020594129116,22977731,0
2023-12-14,563.104736328125,563.104736328125,560.2021345944748,562.1372024169083,39409958,1
2023-12-15,566.0074462890625,566.9749803852832,561.1697758079595,566.0074462890625,54323262,1
2023-12-18,566.0074462890625,566.0074462890625,558.2671735192976,560.2022417117388,26122277,0
2023-12-19,566.0074462890625,568.9100485777244,561.1697758079595,568.9100485777244,28254292,0
2023-12-20,566.0074462890625,567.9425144815037,564.0723780966213,567.9425144815037,38121456,1
2023-12-21,558.2672119140625,560.2022802395878,556.3321435885372,558.2672119140625,24923414,1
2023-12-22,563.104736328125,563.104736328125,560.2021345944748,563.104736328125,18690214,0
2023-12-25,562.13720703125,566.0073427078851,561.1696731120912,563.1047409504088,9548143,0
2023-12-26,566.9749755859375,566.9749755859375,563.104839233815,564.0723733218457,16094308,0
2023-12-27,572.7801513671875,572.7801513671875,566.9749471303579,567.9424811698295,33401336,1
2023-12-28,573.7476806640625,573.7476806640625,569.8775445381666,572.7801466325885,25514849,1
2023-12-29,573.7476806640625,573.7476806640625,569.8775445381666,569.8775445381666,18416318,0
2024-01-02,573.7476806640625,573.7476806640625,569.8775445381666,570.8450785696406,26059058,0
2024-01-03,559.2346801757812,566.0074185170105,557.2996120782872,565.0398844682634,37106763,0
2024-01-04,561.1697387695312,562.1372728018925,558.2671366724475,561.1697387695312,15309129,1
2024-01-05,557.2996215820312,561.1697578430176,555.3645534515381,559.2346897125244,18158971,1
2024-01-08,564.0723876953125,566.0074559206823,560.2022512445727,563.1048535826276,17761275,1
2024-01-09,566.9749755859375,569.8775778500293,564.0723733218457,568.9100437619987,22501510,1
2024-01-10,565.0398559570312,566.9749239568841,561.1697199573256,562.137253957252,13037716,0
2024-01-11,566.9749755859375,569.8775778500293,564.0723733218457,566.9749755859375,23997409,0
2024-01-12,565.0398559570312,568.9099919567369,562.137253957252,562.137253957252,16496053,0
2024-01-15,566.9749755859375,570.84511193806,566.0074414979068,570.84511193806,21143076,0
2024-01-16,561.1697387695312,568.9100110284213,560.20220473717,562.1372728018925,27223860,1
2024-01-17,562.13720703125,565.0398087887263,559.2346052737737,564.0722748695675,42592335,1
2024-01-18,568.9100952148438,569.8776293903792,566.0074926882373,566.9750268637729,27209996,1
2024-01-19,605.67626953125,606.643803508137,594.0658618086062,604.708735554363,161106401,1
2024-01-22,605.67626953125,612.4490073694589,602.7736676005891,612.4490073694589,65168775,0
2024-01-23,607.6113891601562,608.5789232193284,601.8061848051229,608.5789232193284,41072439,0
2024-01-24,606.6438598632812,609.546462063584,603.7412576629785,607.6113939300488,26635005,0
2024-01-25,621.1568603515625,621.1568603515625,612.4490538980359,614.3841219988196,52243347,0
2024-01-26,623.0919189453125,625.0269870165712,618.2542487671657,623.0919189453125,41153025,1
2024-01-29,626.9619750976562,626.9619750976562,623.0918394489053,625.0269072732807,27825490,1
2024-01-30,621.1568603515625,625.9945306035218,621.1568603515625,621.1568603515625,36161825,1
2024-01-31,607.6113891601562,616.3191956927062,605.6763210418118,613.4165935151896,41277950,1
2024-02-01,607.6113891601562,607.6113891601562,598.9035826276063,604.7087869826396,44946369,1
2024-02-02,614.3841552734375,614.3841552734375,607.6114165538878,612.4490870678519,26334815,1
2024-02-05,625.0269775390625,625.9945115600208,617.2867053713961,624.0594435181042,44017740,1
2024-02-15,674.3712158203125,685.9816241271185,670.5010797180438,685.9816241271185,112945296,1
2024-02-16,660.8257446289062,676.3062891590124,660.8257446289062,674.3712210927491,44232811,1
2024-02-19,655.9880981445312,659.8582344167704,652.1179618722921,652.1179618722921,34408673,1
2024-02-20,664.6959228515625,665.6634569459607,653.0855137187841,653.0855137187841,30166461,0
2024-02-21,658.8907470703125,660.8258153436467,655.9881446603111,655.9881446603111,30564485,0
2024-02-22,669.5336303710938,672.4362328148991,662.7608913355481,672.4362328148991,33145643,1
2024-02-23,674.3712158203125,680.1764199737155,673.4036817947454,678.2413519225812,46448923,1
2024-02-26,675.3387451171875,677.2738131547726,672.4361430608099,677.2738131547726,28798079,0
2024-02-27,675.3387451171875,678.241347173565,668.5660069856398,677.2738131547726,33006829,0
2024-02-29,667.5985107421875,675.3387833305027,665.6634425951087,668.5660448157269,54368302,1
2024-03-01,666.630859375,674.3711306014151,665.6633254716982,674.3711306014151,23390635,1
2024-03-04,701.4622192382812,701.4622192382812,687.9167419012662,690.8193441877694,88861397,0
2024-03-05,706.2998046875,714.0400765196919,704.364736729452,711.1374745826199,64403889,0
2024-03-06,711.137451171875,714.0400530133929,693.7218401227678,694.6893740699405,43687122,0
2024-03-07,735.325927734375,744.0337347733347,729.5207230417352,730.4882571571752,71817344,1
2024-03-08,758.5466918945312,770.1571004439373,746.9362833451252,769.1895663981535,87139744,1
2024-03-11,741.1311645507812,752.7415744393052,736.2934937638962,743.0662328655352,64759810,1
2024-03-12,745.001220703125,745.9687547559862,729.5206758573457,732.4232780159294,58110339,0
2024-03-13,753.7091064453125,759.5143113730043,751.7740381360819,759.5143113730043,36754557,1
2024-03-14,758.5466918945312,759.5142259403151,745.0012152535575,753.709021665612,42010806,1
2024-03-15,728.5531005859375,751.7739165408677,728.5531005859375,745.9687125521352,73316437,1
2024-03-18,742.6476440429688,743.6196959330773,732.9271251418828,732.9271251418828,43589856,0
2024-03-19,740.7035522460938,743.6197079635981,733.8991889052504,736.8153446227548,30152375,0
2024-03-20,736.8153686523438,747.5079399652406,730.9830570271273,742.6476802775602,41280325,1
2024-03-21,762.0887451171875,762.0887451171875,750.4241214674347,751.3961734382474,46026103,1
2024-03-22,763.0608520507812,766.9490602140974,753.340331642491,765.9770081732684,30660820,0
2024-03-25,758.2005004882812,765.9769158779046,757.2284485645783,761.1166562593901,19877101,0
2024-03-26,760.1446533203125,769.8651731837437,754.3123414022539,765.9769652383711,40990702,0
2024-03-27,757.2283935546875,763.0607046732089,757.2283935546875,763.0607046732089,18794479,0
2024-03-28,747.5078735351562,754.3122364932136,746.5358216840052,752.3681327909114,27190918,0
2024-03-29,754.3123779296875,755.2844299631021,746.5359616623712,747.5080136957856,9802000,1
2024-04-01,748.47998046875,761.1166554636769,747.5079285460632,761.1166554636769,21041261,1
2024-04-02,767.9210815429688,767.9210815429688,761.1167175292969,762.08876953125,37974481,0
2024-04-03,758.2005004882812,763.0607601067959,756.2563966408754,761.1166562593901,30890544,0
2024-04-08,761.11669921875,769.8651670258621,761.11669921875,766.949011090158,32202226,0
2024-04-09,796.1105346679688,797.0825866028503,769.8651324261676,772.7812882308122,56857731,0
2024-04-10,792.2223510742188,796.1105589322517,787.3620912516775,792.2223510742188,27480849,1
2024-04-11,797.0825805664062,797.0825805664062,788.3341132187261,788.3341132187261,25200651,1
2024-04-12,795.1384887695312,802.9149043076195,794.1664368272702,799.9987484808364,31508936,0
2024-04-15,783.4739379882812,789.3062501817424,780.5577818915507,781.5298339237942,38913470,1
2024-04-16,765.9769287109375,780.557707810765,763.060772890972,779.5856558707765,49508969,1
2024-04-17,781.5298461914062,785.4180543814133,770.8372736688871,775.6975339063958,34472074,1
2024-04-18,781.5298461914062,787.3621584764168,769.8652216213853,773.7534298113923,43598591,1
2024-04-19,729.0390014648438,748.4800415039062,725.1507934570312,747.5079895019531,130968654,1
2024-04-22,721.2625122070312,735.8432907556909,719.3184084005433,719.3184084005433,46540798,1
2024-04-23,732.9271850585938,739.7315488456098,730.9830811194463,739.7315488456098,30423647,1
2024-04-24,761.11669921875,763.060803175886,747.5079715187978,748.4800234973659,39457128,1
2024-04-25,744.5918579101562,752.3682741807585,743.619805876331,748.4800660454573,28534926,1
2024-04-26,760.1446533203125,766.9490172247143,760.1446533203125,765.9769652383711,32571247,1
2024-04-29,772.7813110351562,772.7813110351562,765.0048953266263,767.921051217325,26765837,1
2024-04-30,767.9210815429688,779.5857055664063,767.9210815429688,774.7254455566407,39051972,1
2024-05-02,750.424072265625,766.948954685982,750.424072265625,766.948954685982,40527228,1
2024-05-03,758.2005004882812,765.9769158779046,751.3961370223608,765.9769158779046,29901556,0
2024-05-06,764.0328979492188,770.8372621803187,764.0328979492188,768.8931581142901,32599878,0
2024-05-07,777.6415405273438,777.6415405273438,769.8651251220703,774.7253847503662,33890214,0
2024-05-08,779.5856323242188,779.5856323242188,769.8651132179317,771.8092170391891,21757193,0
2024-05-09,773.7533569335938,779.5856686692741,773.7533569335938,775.6974608454872,21923999,0
2024-05-10,779.5856323242188,784.4458918773622,775.697424681704,780.5576842348474,25101318,0
2024-05-13,796.1105346679688,801.9428462772579,795.1384827330872,799.9987424074949,34812619,0
2024-05-14,801.9429321289062,801.9429321289062,788.3342035836885,793.1944637784092,28691846,0
2024-05-15,815.5516357421875,820.4118957883269,813.6075317237318,814.5795837329597,39467772,0
2024-05-16,817.4957275390625,832.0765074594976,813.6075195602798,828.1882994807149,43927195,0
2024-05-17,811.6634521484375,824.3001286489521,810.6914001099364,824.3001286489521,26207289,0
2024-05-20,811.6634521484375,814.5796082639408,799.0267756479229,810.6914001099364,28808661,0
2024-05-21,817.4957275390625,817.4957275390625,806.8031555974101,806.8031555974101,19705349,0
2024-05-22,839.8529052734375,840.8249572471336,819.4398138258192,821.3839177732115,36628342,1
2024-05-23,850.54541015625,852.4895139508928,842.7689949776786,850.54541015625,37266618,1
2024-05-24,842.76904296875,847.6293027321223,834.0205753946799,834.0205753946799,34136382,0
2024-05-27,844.713134765625,853.4616022142909,841.7969789494031,847.6292905818469,26726954,0
2024-05-28,840.824951171875,848.6013669052566,840.824951171875,842.7690551052204,25329216,0
2024-05-29,833.0484619140625,843.7410326037412,832.0764100331826,836.936669437582,33436835,0
2024-05-30,814.57958984375,824.3001100089499,814.57958984375,817.49574589331,38065102,1
2024-05-31,798.0546875,822.3559873629721,798.0546875,814.579571406821,77438401,1
2024-06-03,822.35595703125,829.1603207419104,813.6074894032579,815.5515933205895,28345488,0
2024-06-04,815.5516357421875,827.216259852922,813.6075317237318,820.4118957883269,28223635,0
2024-06-05,830.13232421875,833.0484799244365,811.6633380827357,817.4956494941086,31975446,0
2024-06-06,869.0144653320312,873.8747252052528,860.2659975602322,868.0424133573869,62925136,0
2024-06-07,854.43359375,863.1820605802048,854.43359375,860.2659049701366,41075399,0
2024-06-11,858.3218383789062,869.9864613240329,858.3218383789062,867.0703055877512,48228488,0
2024-06-12,883.59521484375,888.4554745513614,863.1821240717823,863.1821240717823,48106925,0
2024-06-13,896.7684326171875,912.381375948934,888.9619609513143,900.6716684501241,55857091,0
2024-06-14,899.6958618164062,899.6958618164062,883.1071094835658,893.8410080518743,38408123,0
2024-06-17,898.7200927734375,902.6233287898259,890.9136207406607,890.9136207406607,26292426,0
2024-06-18,920.1879272460938,927.0185905448452,917.2605001180574,921.1637362887725,37876013,1
2024-06-19,957.2686157226562,960.1960426820527,929.9459641016222,929.9459641016222,72228052,1
2024-06-20,957.2686157226562,957.2686157226562,947.5105258580012,947.5105258580012,48225374,0
2024-06-21,946.5347290039062,954.3412009956911,936.7766390141753,937.7524480131484,88376132,1
2024-06-24,917.260498046875,936.776678856383,917.260498046875,934.8250607754322,66391994,1
2024-06-25,922.1394653320312,922.1394653320312,900.6716682555183,902.6232861715649,57368432,1
2024-06-26,936.776611328125,936.776611328125,927.9943305969239,927.9943305969239,44967166,1
2024-06-27,936.776611328125,937.7524202982585,926.0427126566569,927.9943305969239,39729446,0
2024-06-28,942.6314697265625,947.5105146009237,931.8975710029681,932.8733799778404,39138210,1
2024-07-01,944.5830688476562,953.3653494464464,941.6556419813928,944.5830688476562,19935737,1
2024-07-02,936.776611328125,947.5105099995932,935.8008023579915,943.6072741190593,25427569,1
2024-07-03,955.3170166015625,955.3170166015625,943.6073085329018,952.3895895843973,24070411,0
2024-07-04,980.6880493164062,985.5670943378809,972.8815772820468,975.8090042949316,41893299,0
2024-07-05,980.6880493164062,985.5670943378809,975.8090042949316,980.6880493164062,19998094,0
2024-07-08,1009.9622802734375,1024.599414770154,975.8089664477657,980.6880112800045,40146763,0
2024-07-09,1014.8412475585938,1029.4783809368428,1000.2041141803448,1005.0831586397611,46373121,0
2024-07-10,1019.7203369140625,1024.5993815882925,990.4460688686827,995.3251135429127,46206302,1
2024-07-11,1053.8736572265625,1053.8736572265625,1029.4784336796513,1039.2365230984158,41724336,1
2024-07-12,1014.8412475585938,1019.7202920180101,1000.2041141803448,1005.0831586397611,68983062,0
2024-07-15,1014.8412475585938,1019.7202920180101,1000.2041141803448,1014.8412475585938,38393309,0
2024-07-16,1029.478515625,1044.1156509182465,1009.9623352340047,1014.8413803317536,32125609,0
2024-07-17,1005.0831909179688,1019.7203247662886,995.3251016857554,1009.9622355340754,54022399,0
2024-07-18,980.6880493164062,980.6880493164062,962.1476782348025,964.0992962433924,81990095,0
2024-07-19,946.5347290039062,970.9299539782337,946.5347290039062,964.099290985422,92507621,1
2024-07-22,916.28466796875,941.6557024385982,915.3088589506789,940.6798934205272,83062356,1
2024-07-23,955.3170166015625,955.3170166015625,932.873409469963,939.704072510015,47213266,1
2024-07-26,901.6475219726562,907.5023760114397,892.865240914481,892.865240914481,82081735,1
2024-07-29,921.1637573242188,925.0669935840672,913.357284804522,919.2121391942947,40809258,0
2024-07-30,917.260498046875,926.0427794111536,903.5991714802194,907.502407642121,41761392,0
2024-07-31,911.4056396484375,917.2604938645944,905.5507854322805,906.5265944683066,39894991,1
2024-08-01,936.776611328125,945.5588920593262,925.0669036865235,945.5588920593262,47382270,1
2024-08-02,881.155517578125,905.5507423172758,881.155517578125,895.7926524216155,76144485,1
2024-08-05,795.2843627929688,836.2683422252445,793.3327447247652,831.3892970547355,144057989,1
2024-08-06,858.7118530273438,873.3489868857645,819.6794960715555,847.0021459406073,102930842,1
2024-08-07,897.7442626953125,897.7442626953125,871.3974202031675,879.2038920526919,59158704,1
2024-08-08,874.3248291015625,883.1071097510202,865.5425484521048,879.2038739068167,38236391,1
2024-08-09,911.4056396484375,911.4056396484375,899.6959312161235,904.5749763962543,49494621,0
2024-08-12,917.260498046875,925.0669703706782,908.4782166825964,919.2121161278258,38331663,0
2024-08-13,918.236328125,922.1395643763284,914.3330918736717,922.1395643763284,25764381,0
2024-08-14,925.0669555664062,931.8976187404197,922.139528491829,927.9943826409834,36780856,0
2024-08-15,920.1879272460938,927.0185905448452,918.2363091607361,922.1395453314512,19476402,1
2024-08-16,945.5588989257812,945.5588989257812,934.8250001763657,939.7040450624637,44062316,1
2024-08-19,949.462158203125,951.4137762055981,940.6798771919964,945.558922198179,21348863,0
2024-08-20,949.462158203125,953.365394208071,944.5831131969425,953.365394208071,24039959,0
2024-08-21,934.8250122070312,940.6798661456974,932.8733942274758,937.7524391763643,29758188,0
2024-08-22,927.994384765625,940.6799021178365,925.0669576843454,934.8250479552773,24349754,0
2024-08-23,926.0427856445312,928.9702127856625,916.2846951740936,921.1637404093124,27592153,0
2024-08-26,927.0185546875,937.7524537417763,922.1395096628289,933.8492177220395,25057581,1
2024-08-27,919.212158203125,923.1153945436903,917.2605400328424,922.139585458549,18693037,1
2024-08-28,940.6798706054688,940.6798706054688,920.1878817229845,922.1394997117925,31059233,1
2024-08-29,920.1879272460938,924.0911634168089,914.333072990021,919.2121182034149,43530708,0
2024-08-30,921.1637573242188,928.9702298439156,918.2363301293325,921.1637573242188,63834981,1
2024-09-02,925.0669555664062,931.8976187404197,920.1879104421108,927.0185736161244,18646835,1
2024-09-03,917.260498046875,928.9702065325798,916.2846890063996,925.0669703706782,19547575,1
2024-09-04,867.494140625,883.1070835383858,866.5183316929133,872.373185285433,79709021,1
2024-09-05,880.1797485351562,892.8652659752416,878.2281304674508,885.0587937044198,30512026,1
2024-09-06,895.7926635742188,895.7926635742188,881.1555285484961,887.0103825587852,24458336,1
2024-09-09,877.2522583007812,878.2280672644084,869.4457865917643,870.4215955553914,35885268,0
2024-09-10,882.13134765625,888.9620107465086,879.2039206175677,885.0587746949323,33498628,1
2024-09-11,879.2039184570312,884.082963509512,878.2281094465351,884.082963509512,18029342,1
2024-09-12,921.3509521484375,925.2715944980054,909.589025099734,917.4303097988696,39454846,0
2024-09-13,928.2120971679688,936.0533820437277,920.3708122922097,936.0533820437277,25347586,0
2024-09-16,928.2120971679688,933.1129002153181,924.2914547300892,933.1129002153181,13626239,0
2024-09-18,922.3311157226562,929.1922398566187,914.4898309981279,926.2517580849205,28424324,0
2024-09-19,940.9541015625,940.9541015625,917.4302490234376,921.3508911132812,32739630,0
2024-09-20,953.6962280273438,962.517673096456,951.7359069008744,961.5375125332213,60133709,0
2024-09-23,957.6168823242188,957.6168823242188,951.7359188708459,951.7359188708459,14497067,0
2024-09-24,967.4183959960938,967.4183959960938,951.735828279845,956.6366306911727,26785975,0
2024-09-25,985.0613403320312,985.0613403320312,978.2002165685245,980.1605376438122,39405222,1
2024-09-26,994.8629150390625,994.8629150390625,985.061309964786,989.9621125019243,38321585,1
2024-09-27,980.1605224609375,1004.6645355224609,980.1605224609375,999.7637329101562,35783779,1
2024-09-30,938.013671875,970.3589709051724,938.013671875,958.5970439851097,61603217,1
2024-10-01,952.7161254882812,957.6169286029328,947.8153223736296,947.8153223736296,26760355,0
2024-10-04,957.6168823242188,966.4383275042782,947.8152765685973,966.4383275042782,40934818,0
2024-10-07,985.0613403320312,989.9621430202503,969.3787717297303,973.2994138803055,39667071,0
2024-10-08,989.962158203125,989.962158203125,977.2200710183323,980.1605526763614,30845902,0
2024-10-09,999.7637329101562,1014.4661407470703,999.7637329101562,1009.5653381347656,46975717,0
2024-10-11,1024.2677001953125,1029.1685025885915,999.7636882289175,1004.6644906221965,43058754,0
2024-10-14,1024.2677001953125,1034.0693049818706,1014.4660954087545,1024.2677001953125,36858874,1
2024-10-15,1048.771728515625,1053.672530985324,1029.1685186368281,1029.1685186368281,42850176,1
2024-10-16,1024.2677001953125,1048.7717121617077,1014.4660954087545,1019.3668978020336,52652149,1
2024-10-17,1014.4661254882812,1034.069335642644,1009.5653229496905,1029.1685331040535,54173771,1
2024-10-18,1063.47412109375,1078.176528297811,1053.6725162910427,1073.2757258964573,85011961,1
2024-10-21,1063.47412109375,1073.2757258964573,1058.5733186923962,1068.3749234951038,36491060,0
2024-10-22,1053.6724853515625,1053.6724853515625,1038.9700785792152,1043.8708808366641,41197877,0
2024-10-23,1038.9700927734375,1048.7716974222435,1034.0692904490345,1038.9700927734375,31423466,0
2024-10-24,1038.9700927734375,1053.6724997466465,1034.0692904490345,1048.7716974222435,38236996,0
2024-10-25,1043.8709716796875,1048.7717743636297,1038.9701689957453,1043.8709716796875,22009575,0
2024-10-28,1029.1683349609375,1058.57314453125,1029.1683349609375,1053.672342936198,40142324,0
2024-10-29,1019.3668823242188,1019.3668823242188,999.763673048753,1014.4660800053523,45415773,0
2024-10-30,1009.5653076171875,1034.069319937993,1009.5653076171875,1019.3669125455096,38201984,1
2024-11-01,1004.66455078125,1009.5653534679877,976.2398951981706,976.2398951981706,54480255,1
2024-11-04,1019.3668823242188,1024.2676846430852,1004.6644753676194,1009.5652776864858,26747978,0
2024-11-05,1029.1683349609375,1034.0691365559896,1009.5651285807292,1009.5651285807292,32385622,0
2024-11-06,1038.9700927734375,1058.5733020710495,1019.3668834758255,1029.1684881246315,55349259,0
2024-11-07,1043.8709716796875,1053.6725770475718,1029.168563627861,1029.168563627861,43975446,1
2024-11-08,1068.3748779296875,1068.3748779296875,1058.5732735450115,1063.4740757373495,37099479,1
2024-11-11,1063.47412109375,1068.3749234951038,1048.771713889689,1058.5733186923962,34690205,0
2024-11-12,1029.1683349609375,1043.8707397460937,1029.1683349609375,1038.9699381510416,51099848,1
2024-11-13,1014.4661254882812,1029.1685331040535,1014.4661254882812,1024.2677305654627,42331232,1
2024-11-14,1014.4661254882812,1019.366928026872,1004.6645204110997,1009.5653229496905,44627940,0
2024-11-15,1014.4661254882812,1024.2677305654627,1009.5653229496905,1019.366928026872,34791611,1
2024-11-18,1004.66455078125,1014.4661561547256,999.7637480945122,1009.5653534679877,31815076,1
2024-11-19,1019.3668823242188,1024.2676846430852,1004.6644753676194,1009.5652776864858,24349599,1
2024-11-20,1004.66455078125,1004.66455078125,1004.66455078125,1004.66455078125,40203197,1
2024-11-21,989.962158203125,1004.6645664932704,989.962158203125,999.7637637298886,41429227,1
2024-11-22,1019.3668823242188,1029.1684869619517,1014.4660800053523,1014.4660800053523,25187973,1
2024-11-25,1009.5653076171875,1029.1685174738318,1009.5653076171875,1024.2677150096708,49566674,0
2024-11-26,989.962158203125,999.7637637298886,989.962158203125,994.8629609665068,27312402,0
2024-11-27,980.1605224609375,999.7637329101562,980.1605224609375,989.9621276855469,31276090,0
2024-11-28,985.0613403320312,985.0613403320312,972.3192533426617,985.0613403320312,33689956,1
2024-11-29,976.2399291992188,989.962177200011,974.2796080562484,975.2597686277336,40094983,1
2024-12-02,1014.4661254882812,1019.366928026872,994.8629153339183,999.763717872509,31168404,0
2024-12-03,1034.0692138671875,1043.8708177900992,1034.0692138671875,1038.9700158286435,43414538,0
2024-12-04,1048.771728515625,1048.771728515625,1034.0693211065275,1043.8709260459257,33466290,1
2024-12-05,1053.6724853515625,1058.5732876090117,1048.7716830941133,1048.7716830941133,31425359,1
2024-12-06,1043.8709716796875,1058.573379731514,1038.9701689957453,1053.6725770475718,30765288,0
2024-12-09,1053.6724853515625,1053.6724853515625,1043.8708808366641,1048.7716830941133,22247131,0
2024-12-10,1043.8709716796875,1053.6725770475718,1038.9701689957453,1048.7717743636297,28506584,1
2024-12-11,1024.2677001953125,1038.9701073751496,1024.2677001953125,1024.2677001953125,25264194,1
2024-12-12,1042.9619140625,1047.8815457326061,1038.0422823923939,1042.9619140625,22791260,0
2024-12-13,1047.881591796875,1052.8012236832453,1038.0423280241343,1042.9619599105047,20423659,0
2024-12-16,1067.56005859375,1067.56005859375,1057.7207953809045,1067.56005859375,39722392,0
2024-12-17,1057.7208251953125,1077.3993521756904,1057.7208251953125,1072.479720430596,37880707,1
2024-12-18,1067.56005859375,1072.4796902001729,1052.8011637744817,1057.7207953809045,41863190,1
2024-12-19,1052.80126953125,1052.80126953125,1038.04237322941,1047.8816374306366,42702851,1
2024-12-20,1018.3638305664062,1042.961990725015,1018.3638305664062,1042.961990725015,52030520,1
2024-12-23,1062.6405029296875,1062.6405029296875,1042.9619750976562,1047.881607055664,30728473,1
2024-12-24,1062.6405029296875,1077.399398803711,1062.6405029296875,1077.399398803711,26461906,0
2024-12-25,1067.56005859375,1072.4796902001729,1062.6404269873271,1072.4796902001729,15481622,0
2024-12-26,1067.56005859375,1072.4796902001729,1067.56005859375,1067.56005859375,14374900,0
2024-12-27,1072.479736328125,1077.3993681461438,1062.640472692087,1062.640472692087,24948385,1
2024-12-30,1072.479736328125,1077.3993681461438,1067.5601045101062,1072.479736328125,23954634,1
2024-12-31,1057.7208251953125,1067.5600886855013,1057.7208251953125,1062.640456940407,28397820,1
2025-01-02,1047.881591796875,1057.7208555696157,1038.0423280241343,1052.8012236832453,43177098,1
2025-01-03,1057.7208251953125,1067.5600886855013,1057.7208251953125,1062.640456940407,30415096,0
2025-01-06,1106.917236328125,1106.917236328125,1077.399443359375,1082.3190755208334,69289786,1
2025-01-07,1111.8369140625,1141.3547082411505,1111.8369140625,1131.5154435149336,48758688,1
2025-01-08,1087.2386474609375,1111.836806905755,1087.2386474609375,1092.158279349901,45211419,0
2025-01-09,1082.3189697265625,1097.0778647682885,1082.3189697265625,1082.3189697265625,27263215,0
2025-01-10,1082.3189697265625,1092.1582330877131,1082.3189697265625,1082.3189697265625,22021522,0
2025-01-13,1057.7208251953125,1097.0778791560683,1052.801193450218,1092.158247410974,56690300,0
2025-01-14,1072.479736328125,1072.479736328125,1057.7208408740682,1067.5601045101062,28695247,1
2025-01-15,1047.881591796875,1067.5601193423563,1047.881591796875,1067.5601193423563,35489482,1
2025-01-16,1087.2386474609375,1097.0779112388645,1072.479751794047,1077.3993836830105,47542962,0
2025-01-17,1101.99755859375,1106.9171905517578,1077.399398803711,1106.9171905517578,59214050,0
2025-01-20,1101.99755859375,1116.7564544677734,1101.99755859375,1106.9171905517578,29834528,0
2025-01-21,1101.99755859375,1106.9171905517578,1092.1582946777344,1097.0779266357422,21904213,1
2025-01-22,1116.7564697265625,1131.5153658022439,1116.7564697265625,1121.6761017517897,42960405,1
2025-02-03,1052.80126953125,1057.7209016318632,1042.9620053300234,1047.8816374306366,97946226,1
2025-02-04,1077.3994140625,1082.3190460901826,1062.640517979452,1067.5601500071348,53308108,0
2025-02-05,1092.158203125,1101.9974662162163,1087.2385715793919,1092.158203125,40385340,0
2025-02-06,1097.077880859375,1101.9975126121076,1087.2386173539098,1101.9975126121076,29971252,1
2025-02-07,1106.917236328125,1106.917236328125,1087.2387076822918,1092.15833984375,27883220,1
2025-02-10,1087.2386474609375,1106.9171750167916,1077.3993836830105,1106.9171750167916,28527108,0
2025-02-11,1092.158203125,1097.0778346706081,1082.3189400337837,1092.158203125,18898928,0
2025-02-12,1082.3189697265625,1097.0778647682885,1082.3189697265625,1092.1582330877131,24172954,0
2025-02-13,1072.479736328125,1077.3993681461438,1062.640472692087,1072.479736328125,33210403,1
2025-02-14,1042.9619140625,1052.8011774027123,1042.9619140625,1047.8815457326061,64486940,1
2025-02-17,1067.56005859375,1067.56005859375,1047.8815321680588,1047.8815321680588,35491271,1
2025-02-18,1082.3189697265625,1082.3189697265625,1062.6404430042614,1067.5600746848368,21616188,1
2025-02-19,1072.479736328125,1077.3993681461438,1067.5601045101062,1072.479736328125,26400293,1
2025-02-20,1062.6405029296875,1067.5601348876953,1052.8012390136719,1062.6405029296875,29643124,1
2025-02-21,1077.3994140625,1077.3994140625,1062.640517979452,1067.5601500071348,28972910,1
2025-02-24,1057.7208251953125,1067.5600886855013,1057.7208251953125,1062.640456940407,30822970,0
2025-02-25,1038.042236328125,1042.961867779917,1033.1226048763328,1038.042236328125,45158522,0
2025-02-26,1042.9619140625,1042.9619140625,1028.2030190521816,1028.2030190521816,36768449,0
2025-02-27,1023.2833862304688,1047.8815445533166,1023.2833862304688,1047.8815445533166,55283596,0
2025-03-03,1003.6049194335938,1003.6049194335938,983.9263916015625,983.9263916015625,65621663,1
2025-03-04,983.9263916015625,993.7656555175781,979.9906860351563,979.9906860351563,64569262,1
2025-03-05,1003.6049194335938,1013.4441833496094,998.6852874755859,1003.6049194335938,41994320,1
2025-03-06,988.8460693359375,1008.5245980789413,988.8460693359375,1003.6049658931903,45187017,0
2025-03-07,988.8460693359375,993.7657015216885,983.9264371501865,988.8460693359375,40822280,0
2025-03-10,981.9585571289062,988.8460419985479,976.0549986692134,988.8460419985479,46849886,0
2025-03-11,955.392578125,963.2639896852472,947.5211665647529,953.4247252349383,50204233,0
2025-03-12,972.1192626953125,979.0067473500363,960.3121461443573,964.2478516613423,34184887,0
2025-03-13,949.4889526367188,988.8460076682926,949.4889526367188,983.9263757893458,37035693,1
2025-03-14,943.58544921875,953.4247135484554,939.6497434868679,949.4890078165733,34333748,1
2025-03-17,954.4086303710938,969.1675267170385,952.4407775249679,961.2961153325347,31491061,1
2025-03-18,959.845458984375,966.7650451974447,956.8799220359166,964.788020565139,21575327,1
2025-03-19,941.0637817382812,955.8914673749139,939.0867569867303,953.9144426233629,35245036,1
2025-03-20,973.6846313476562,973.6846313476562,959.8454589224104,966.7650451350333,28715956,0
2025-03-21,960.833984375,975.6616693190587,958.8569597157922,973.6846446598508,39214916,0
2025-03-24,960.833984375,975.6616693190587,960.833984375,974.6731569894547,16121506,1
2025-03-25,978.627197265625,983.5697588679767,973.6846356632734,977.6386849451548,26167428,1
2025-03-26,968.7421264648438,983.5698120739995,968.7421264648438,983.5698120739995,21735917,0
2025-03-27,946.9948120117188,952.9258859909153,946.9948120117188,949.960349001317,34563256,0
2025-03-28,941.0637817382812,944.0293188656078,935.1327074836282,935.1327074836282,33101234,1
2025-03-31,899.5462646484375,913.3854379507211,899.5462646484375,909.431388435783,51064611,1
2025-04-01,933.1556396484375,935.1326643087096,914.3739053758524,918.3279546963967,32197752,1
2025-04-02,931.1786499023438,941.0637735743431,927.224600433544,938.0982364727433,24849656,1
2025-04-07,838.2584228515625,838.2584228515625,838.2584228515625,838.2584228515625,23820773,0
2025-04-08,806.6260986328125,833.3159327787512,787.8443634930779,787.8443634930779,116648736,1
2025-04-09,775.982177734375,816.5111831956608,771.0396160927547,799.7064736141521,107582838,1
2025-04-10,853.086181640625,853.086181640625,853.086181640625,853.086181640625,19416428,1
2025-04-11,878.7874755859375,878.7874755859375,826.3963212484182,838.2584694003093,76103586,1
2025-04-14,855.0631713867188,892.6266401875226,855.0631713867188,884.7185414926165,66326054,0
2025-04-15,866.92529296875,868.9023175821337,855.0631452884478,863.9597560486744,30562095,0
2025-04-16,845.1780395507812,859.0172121282209,842.2125025699013,857.040187474301,42128082,0
2025-04-17,837.2699584960938,846.166569625332,832.327396757628,839.24698319148,33684502,0
2025-04-18,840.2354736328125,848.1435722081801,840.2354736328125,843.2010105985753,20101219,0
2025-04-21,825.4078369140625,837.2699854685161,822.4422997754491,834.3044483299027,18415705,1
2025-04-22,806.6260986328125,819.4767595178942,806.6260986328125,816.5112223905676,28888527,1
2025-04-23,862.9712524414062,862.9712524414062,838.2584445249856,843.2010061082698,37863656,0
2025-04-24,854.0746459960938,875.821917074698,849.1320843873201,875.821917074698,32238198,0
2025-04-25,877.7988891601562,890.6495485735369,875.8218646350207,889.6610363109692,34640282,0
2025-04-28,886.695556640625,887.6840689668687,882.7415073356501,887.6840689668687,21830091,0
2025-04-29,891.6381225585938,891.6381225585938,882.7415115796277,886.6955609036127,24362874,0
2025-04-30,897.5692138671875,897.5692138671875,888.6726027165216,890.6496274166695,35405654,1
2025-05-02,939.0867309570312,939.0867309570312,921.2935086862665,927.2245827765214,43873135,1
2025-05-05,927.224609375,946.0063445329158,912.396923724014,945.0178321561834,52770209,0
2025-05-06,909.4313354492188,919.3164586606233,905.4772861646569,905.4772861646569,37538894,0
2025-05-07,917.3394165039062,921.2934657129748,900.5347073653649,914.3738795971049,36907620,1
2025-05-08,907.454345703125,928.2131052453533,907.454345703125,922.2820310904309,27985917,1
2025-05-09,938.0982055664062,938.0982055664062,923.2705205469161,927.2245698854468,36383573,0
2025-05-12,946.0062255859375,950.9487868481419,941.0636643237331,943.0406888286149,23402547,0
2025-05-13,957.8684692382812,978.6272286335382,957.8684692382812,978.6272286335382,38047856,1
2025-05-14,987.5238037109375,987.5238037109375,976.6501682346409,978.6271928666948,40475123,1
2025-05-15,981.5927734375,988.5123599572005,981.5927734375,988.5123599572005,24662270,0
2025-05-16,986.5353393554688,986.5353393554688,977.6387280787161,979.6157528068834,16878650,0
2025-05-19,972.6961669921875,982.581290640482,968.7421175328697,981.5927782756526,19906139,1
2025-05-20,966.7650756835938,982.5812732407896,966.7650756835938,979.6157361988154,20897857,1
2025-05-21,978.627197265625,987.523808149858,971.7076110223328,974.6731479837438,26248757,0
2025-05-22,970.7191162109375,976.6501902407396,967.7535791960364,976.6501902407396,18747545,0
2025-05-23,972.6961669921875,981.5927782756526,963.7995557087223,981.5927782756526,22213030,0
2025-05-26,964.7880249023438,972.6961234671171,963.7995125817471,963.7995125817471,19329052,0
2025-05-27,953.9144287109375,963.7995523245223,949.9603792655035,959.8455028790884,26355315,0
2025-05-28,955.8914184570312,973.6846403104196,955.8914184570312,972.6961279852314,26471533,1
2025-05-29,955.8914184570312,974.6731526356078,955.8914184570312,974.6731526356078,48602590,1
2025-06-02,935.1326293945312,949.9603137929646,935.1326293945312,946.9947769132779,33676511,1
2025-06-03,939.0867309570312,953.9144161826686,939.0867309570312,948.9718544407895,26020787,0
2025-06-04,978.627197265625,978.627197265625,958.8569508562185,962.8110001380998,37233567,0
2025-06-05,986.5353393554688,988.512364083636,979.6157528068834,988.512364083636,24414444,0
2025-06-06,983.5697631835938,985.546787833209,979.6157138843632,985.546787833209,13670307,0
2025-06-09,993.4548950195312,998.3974566862951,988.5123333527674,993.4548950195312,21674308,0
2025-06-10,1032.9954833984375,1037.9380455199612,1008.2826727908193,1013.225234912343,44877640,1
2025-06-11,1052.7657470703125,1057.7083092631308,1042.8806226846757,1052.7657470703125,37178498,1
2025-06-12,1037.3787841796875,1052.2693887372907,1037.3787841796875,1047.3058538847563,25221606,0
2025-06-13,1022.4880981445312,1032.4151670585559,1017.5245636875189,1032.4151670585559,28393455,1
2025-06-16,1017.5245971679688,1022.4881317883003,1007.5975279273057,1022.4881317883003,28580673,1
2025-06-17,1037.3787841796875,1042.342319032222,1027.4517144746187,1032.415249327153,26517379,0
2025-06-18,1047.3057861328125,1047.3057861328125,1022.4881134756369,1032.4151825385072,37931721,0
2025-06-19,1027.45166015625,1037.3787293365037,1022.4881255661232,1037.3787293365037,24002557,1
2025-06-20,1047.3057861328125,1047.3057861328125,1017.5245789442017,1022.4881134756369,57831332,1
2025-06-23,1012.56103515625,1022.4881041283701,1007.5975006701899,1017.52456964231,32143872,1
2025-06-24,1042.3421630859375,1042.3421630859375,1032.4150948660713,1037.3786289760044,28163537,1
2025-06-25,1062.1964111328125,1062.1964111328125,1047.3058072384272,1052.269341869889,38783736,1
2025-06-26,1067.159912109375,1072.1234465843024,1057.2328431595204,1067.159912109375,36056692,1
2025-06-27,1072.1234130859375,1072.1234130859375,1052.2692758065682,1062.1963444462529,32549027,1
2025-06-30,1052.269287109375,1072.1234246020047,1052.269287109375,1067.1598902288474,32413717,1
2025-07-01,1077.0869140625,1087.0139823948732,1067.1598457301268,1072.1233798963135,44299887,1
2025-07-02,1077.0869140625,1077.0869140625,1062.19631156394,1067.1598457301268,23822731,1
2025-07-03,1082.050537109375,1096.9411408310636,1082.050537109375,1096.9411408310636,36973556,1
2025-07-04,1077.0869140625,1091.97751656106,1072.1233798963135,1087.0139823948732,20363322,0
2025-07-07,1072.1234130859375,1077.0869474057797,1062.1963444462529,1072.1234130859375,18829372,1
2025-07-08,1072.1234130859375,1072.1234130859375,1057.2328101264106,1062.1963444462529,27461252,1
2025-07-09,1082.050537109375,1082.050537109375,1057.2328642398938,1062.1963988137902,23618216,1
2025-07-10,1091.9776611328125,1091.9776611328125,1082.0505914861506,1087.0141263094815,22350503,1
2025-07-11,1091.9776611328125,1091.9776611328125,1082.0505914861506,1087.0141263094815,28249780,1
2025-07-14,1087.0140380859375,1091.9775725064212,1077.08696924497,1091.9775725064212,25760632,1
2025-07-15,1101.9046630859375,1106.8681976043426,1082.050525012317,1087.014059530722,45416390,0
2025-07-16,1121.7587890625,1121.7587890625,1111.8317201327434,1111.8317201327434,31013743,0
2025-07-17,1121.7587890625,1126.7223235273784,1106.868185667865,1121.7587890625,30648595,1
2025-07-18,1146.576416015625,1151.5399502840908,1136.6493474786932,1146.576416015625,46645034,1
2025-07-21,1141.613037109375,1141.613037109375,1126.7224322775137,1136.6495021654212,26749324,1
2025-07-22,1121.7587890625,1151.5399958517698,1121.7587890625,1136.649392457135,50457506,1
2025-07-23,1136.6494140625,1136.6494140625,1126.7223449440503,1131.6858795032751,29747757,1
2025-07-24,1136.6494140625,1146.5764831809497,1136.6494140625,1141.6129486217249,15055463,0
2025-07-25,1136.6494140625,1146.5764831809497,1131.6858795032751,1141.6129486217249,22476546,0
2025-07-28,1136.6494140625,1151.5400177401746,1136.6494140625,1146.5764831809497,20606376,1
2025-07-29,1126.7222900390625,1136.649358673768,1116.795221404357,1136.649358673768,31763255,1
2025-07-30,1146.576416015625,1151.5399502840908,1136.6493474786932,1141.612881747159,34182363,1
2025-07-31,1151.5399169921875,1156.5034511171539,1146.5763828672211,1151.5399169921875,33230751,1
2025-08-04,1126.7222900390625,1126.7222900390625,1116.795221404357,1121.7587557217098,23939021,0
2025-08-05,1141.613037109375,1141.613037109375,1131.6859672214675,1136.6495021654212,17012960,1
2025-08-06,1116.7952880859375,1126.722357313368,1116.7952880859375,1121.758822699653,22023406,1
2025-08-07,1171.3941650390625,1171.3941650390625,1146.5764920509466,1151.54002664857,61370031,0
2025-08-08,1166.4306640625,1176.357733543883,1161.4671293218084,1171.3941988031916,25958258,0
2025-08-11,1171.3941650390625,1186.2847688319318,1156.503561246193,1161.4670958438162,35579367,0
2025-08-12,1171.3941650390625,1181.3212342343088,1161.4670958438162,1171.3941650390625,28917167,1
2025-08-13,1191.248291015625,1191.248291015625,1176.3576873779298,1176.3576873779298,37809952,1
2025-08-14,1166.4306640625,1181.3212682845744,1166.4306640625,1176.357733543883,32991791,0
2025-08-15,1171.3941650390625,1176.3576996366855,1161.4670958438162,1166.4306304414392,22231552,0
2025-08-18,1171.3941650390625,1176.3576996366855,1161.4670958438162,1161.4670958438162,18219895,0
2025-08-19,1176.357666015625,1176.357666015625,1166.4305971041008,1171.394131559863,17867547,1
2025-08-20,1126.7222900390625,1156.5034959431787,1126.7222900390625,1156.5034959431787,66982023,1
2025-08-21,1141.613037109375,1146.5765720533288,1131.6859672214675,1131.6859672214675,23424804,0
2025-08-22,1126.7222900390625,1146.5764273084733,1126.7222900390625,1146.5764273084733,19205763,0
2025-08-25,1161.467041015625,1171.3941097422542,1151.5399722889956,1156.5035066523103,25103514,0
2025-08-26,1166.4306640625,1176.357733543883,1151.5400598404256,1156.5035945811169,35508897,1
2025-08-27,1181.3211669921875,1181.3211669921875,1171.3940983620012,1181.3211669921875,21952558,1
2025-08-28,1151.5399169921875,1176.3575876170191,1151.5399169921875,1176.3575876170191,19975237,1
2025-08-29,1151.5399169921875,1176.3575876170191,1151.5399169921875,1171.3940534920528,19522740,1
2025-09-01,1156.5035400390625,1156.5035400390625,1136.6494020126408,1141.6129365192462,22018940,1
2025-09-02,1151.5399169921875,1166.4305193670866,1146.5763828672211,1161.4669852421202,14037411,0
2025-09-03,1151.5399169921875,1151.5399169921875,1136.6493146172886,1146.5763828672211,19511981,1
2025-09-04,1151.5399169921875,1166.4305193670866,1151.5399169921875,1161.4669852421202,24333323,1
2025-09-05,1171.3941650390625,1171.3941650390625,1161.4670958438162,1166.4306304414392,27133819,0
2025-09-08,1171.3941650390625,1186.2847688319318,1171.3941650390625,1186.2847688319318,27281959,0
2025-09-09,1191.248291015625,1191.248291015625,1181.321221923828,1186.2847564697265,31329096,0
2025-09-10,1216.06591796875,1221.0294523278062,1206.1388492506378,1211.102383609694,39665156,0
2025-09-11,1230.95654296875,1250.8106807585687,1225.9930085212955,1245.8471463111139,30345708,0
2025-09-12,1250.810791015625,1250.810791015625,1240.8837212456597,1245.8472561306423,26492972,0
2025-09-15,1245.84716796875,1250.8107025024901,1240.88363343501,1250.8107025024901,24589707,1
2025-09-16,1275.74755859375,1280.7309474945068,1255.8140029907227,1260.7973918914795,40130070,1
2025-09-17,1260.79736328125,1270.7641408565958,1260.79736328125,1265.780752068923,29283972,0
2025-09-18,1280.73095703125,1280.73095703125,1260.7974012797908,1270.7641791555204,24191307,1
2025-09-19,1260.79736328125,1285.7143072196147,1260.79736328125,1280.7309184319417,44913316,1
2025-09-22,1290.69775390625,1290.69775390625,1265.780808850145,1265.780808850145,28859955,1
2025-09-23,1335.5482177734375,1335.5482177734375,1310.6312734119927,1315.6146622842816,33953781,1
2025-09-24,1335.5482177734375,1350.4983843903044,1320.5980511565706,1345.5149955180154,44737182,0
2025-09-25,1315.6146240234375,1325.5814014781606,1315.6146240234375,1315.6146240234375,25861812,0
2025-09-26,1295.6810302734375,1310.6311960073617,1290.6976416954626,1305.647807429387,25793295,1
2025-09-30,1300.6644287109375,1315.6145945581898,1300.6644287109375,1305.6478173266883,36642789,1
2025-10-01,1320.5980224609375,1345.5149662809552,1320.5980224609375,1320.5980224609375,33837323,0
2025-10-02,1360.465087890625,1365.448476490957,1350.498310689961,1355.4816992902931,29593487,0
2025-10-03,1395.348876953125,1395.348876953125,1360.465155029297,1360.465155029297,31032341,1
2025-10-07,1430.2325439453125,1440.199321255036,1415.2823779807275,1415.2823779807275,38395572,1
2025-10-08,1410.299072265625,1415.28246121356,1400.332294369755,1405.31568331769,23064494,0
2025-10-09,1435.2159423828125,1450.1661084493,1425.249165005154,1435.2159423828125,39052134,1
2025-10-13,1410.299072265625,1415.28246121356,1385.3821275259497,1385.3821275259497,53850992,1
2025-10-14,1420.2657470703125,1455.149467173794,1415.282358484101,1450.1660785875822,39889256,0
2025-10-15,1460.1329345703125,1460.1329345703125,1420.2658237288024,1430.23260143918,41056405,1
2025-10-16,1480.0665283203125,1490.0333062887994,1460.1329723833385,1460.1329723833385,37737678,1
2025-10-17,1445.1827392578125,1460.1329055259969,1445.1827392578125,1450.166128013874,38077331,1
2025-10-20,1475.0831298828125,1490.033296739733,1450.1661851212787,1455.1495740735854,33015553,1
2025-10-21,1475.0831298828125,1495.0166856920398,1475.0831298828125,1480.0665188351193,34601251,0
2025-10-22,1455.1495361328125,1465.116313777558,1450.16614731044,1455.1495361328125,27360948,1
2025-10-23,1445.1827392578125,1450.166128013874,1430.2325729896284,1435.2159617456898,23570046,1
2025-10-27,1475.0831298828125,1495.0166856920398,1475.0831298828125,1495.0166856920398,32851952,0
2025-10-28,1470.0997314453125,1485.0498982057734,1465.1163425251589,1475.0831203654661,28381919,0
2025-10-29,1500.0,1509.9667774086379,1485.0498338870432,1490.0332225913621,30631103,0
2025-10-30,1500.0,1514.9501661129568,1495.016611295681,1509.9667774086379,27867757,0
2025-10-31,1495.0166015625,1519.933544921875,1495.0166015625,1509.966767578125,31928423,1
2025-11-03,1504.9833984375,1514.950175910596,1485.049843491308,1504.9833984375,29118770,1
2025-11-04,1500.0,1519.9335548172758,1490.0332225913621,1514.9501661129568,33925673,1
2025-11-05,1455.1495361328125,1480.0664802446759,1450.16614731044,1475.0830914223031,56305422,1
2025-11-06,1460.1329345703125,1475.083101135879,1460.1329345703125,1465.1163234255014,27411394,0
2025-11-07,1455.1495361328125,1460.1329249551852,1450.16614731044,1455.1495361328125,20329390,0
2025-11-10,1470.0997314453125,1480.0665092856198,1460.1329536050055,1465.1163425251589,25281744,0
2025-11-11,1460.1329345703125,1490.0332677014453,1460.1329345703125,1485.0498788462564,22444166,1
2025-11-12,1470.0997314453125,1480.0665092856198,1455.1495646848518,1465.1163425251589,23642502,1
2025-11-13,1455.1495361328125,1465.116313777558,1455.1495361328125,1455.1495361328125,21255597,0
2025-11-14,1425.2491455078125,1435.2159227491259,1420.2657568871557,1420.2657568871557,26861702,0
2025-11-17,1440.1993408203125,1455.1495069879973,1440.1993408203125,1445.182729542874,26602730,0
2025-11-18,1400.332275390625,1430.232608672987,1400.332275390625,1430.232608672987,42198432,1
2025-11-19,1390.365478515625,1410.2990337631609,1390.365478515625,1395.348867327509,35591948,1
2025-11-20,1450.1661376953125,1455.1495264846435,1435.2159713273195,1445.1827489059815,25964403,1
2025-11-21,1380.398681640625,1400.3322366101647,1380.398681640625,1390.3654591253949,54518246,1
2025-11-24,1370.431884765625,1400.332216796875,1370.431884765625,1395.348828125,79134658,1
2025-11-25,1410.299072265625,1420.265850161495,1400.332294369755,1420.265850161495,27427405,1
2025-11-26,1435.2159423828125,1435.2159423828125,1420.265776316325,1425.249165005154,29213211,1
2025-11-27,1430.2325439453125,1450.1660985647595,1425.2491552904507,1445.1827099098978,22039774,0
2025-11-28,1435.2159423828125,1450.1661084493,1430.2325536939834,1435.2159423828125,23152513,1
2025-12-01,1405.315673828125,1440.199396228114,1405.315673828125,1440.199396228114,30559208,1
2025-12-02,1425.2491455078125,1435.2159227491259,1415.2823682664991,1425.2491455078125,23544477,0
2025-12-03,1445.1827392578125,1445.1827392578125,1430.2325729896284,1435.2159617456898,20301540,0
2025-12-04,1440.1993408203125,1445.182729542874,1425.2491746526275,1440.1993408203125,20696944,0
2025-12-05,1455.1495361328125,1455.1495361328125,1435.215980843322,1440.1993696656946,21072604,0
2025-12-08,1490.033203125,1490.033203125,1455.1494826505018,1460.1328712897157,24257260,0
2025-12-09,1475.0831298828125,1495.0166856920398,1475.0831298828125,1490.033296739733,24235825,0
